{
    "model": {
        "bot": {
            "precision": 0.8571428571428571,
            "recall": 0.1258741258741259,
            "f1-score": 0.21951219512195125,
            "support": 143
        },
        "human": {
            "precision": 0.6334310850439883,
            "recall": 0.9863013698630136,
            "f1-score": 0.7714285714285715,
            "support": 219
        },
        "accuracy": 0.6464088397790055,
        "macro avg": {
            "precision": 0.7452869710934227,
            "recall": 0.5560877478685697,
            "f1-score": 0.4954703832752614,
            "support": 362
        },
        "weighted avg": {
            "precision": 0.7218034149062487,
            "recall": 0.6464088397790055,
            "f1-score": 0.5534063564787187,
            "support": 362
        }
    },
    "cm": [
        [
            18,
            125
        ],
        [
            3,
            216
        ]
    ]
}