{
    "report": {
        "model": {
            "0": {
                "precision": 0.6514423076923077,
                "recall": 0.9963235294117647,
                "f1-score": 0.7877906976744187,
                "support": 272
            },
            "1": {
                "precision": 0.5,
                "recall": 0.00684931506849315,
                "f1-score": 0.013513513513513513,
                "support": 146
            },
            "accuracy": 0.6507177033492823,
            "macro avg": {
                "precision": 0.5757211538461539,
                "recall": 0.501586422240129,
                "f1-score": 0.4006521055939661,
                "support": 418
            },
            "weighted avg": {
                "precision": 0.5985461906514539,
                "recall": 0.6507177033492823,
                "f1-score": 0.517349384546447,
                "support": 418
            }
        }
    },
    "cm": [
        [
            271,
            1
        ],
        [
            145,
            1
        ]
    ]
}