{
    "model": {
        "bot": {
            "precision": 0.7931034482758621,
            "recall": 0.16083916083916083,
            "f1-score": 0.2674418604651163,
            "support": 143
        },
        "human": {
            "precision": 0.6396396396396397,
            "recall": 0.9726027397260274,
            "f1-score": 0.7717391304347826,
            "support": 219
        },
        "accuracy": 0.6519337016574586,
        "macro avg": {
            "precision": 0.7163715439577509,
            "recall": 0.5667209502825941,
            "f1-score": 0.5195904954499495,
            "support": 362
        },
        "weighted avg": {
            "precision": 0.7002620833826778,
            "recall": 0.6519337016574586,
            "f1-score": 0.5725277779329531,
            "support": 362
        }
    },
    "cm": [
        [
            23,
            120
        ],
        [
            6,
            213
        ]
    ]
}