{
    "report": {
        "bot": {
            "precision": 0.7022900763358778,
            "recall": 0.6814814814814815,
            "f1-score": 0.6917293233082706,
            "support": 135
        },
        "human": {
            "precision": 0.7962085308056872,
            "recall": 0.8115942028985508,
            "f1-score": 0.8038277511961723,
            "support": 207
        },
        "accuracy": 0.7602339181286549,
        "macro avg": {
            "precision": 0.7492493035707826,
            "recall": 0.7465378421900162,
            "f1-score": 0.7477785372522214,
            "support": 342
        },
        "weighted avg": {
            "precision": 0.7591354566728676,
            "recall": 0.7602339181286549,
            "f1-score": 0.7595783717667374,
            "support": 342
        }
    },
    "cm": [
        [
            92,
            43
        ],
        [
            39,
            168
        ]
    ]
}