{
    "report": {
        "bot": {
            "precision": 0.6911764705882353,
            "recall": 0.734375,
            "f1-score": 0.7121212121212122,
            "support": 192
        },
        "human": {
            "precision": 0.7649769585253456,
            "recall": 0.7248908296943232,
            "f1-score": 0.7443946188340808,
            "support": 229
        },
        "accuracy": 0.7292161520190024,
        "macro avg": {
            "precision": 0.7280767145567905,
            "recall": 0.7296329148471616,
            "f1-score": 0.7282579154776465,
            "support": 421
        },
        "weighted avg": {
            "precision": 0.7313197288723167,
            "recall": 0.7292161520190024,
            "f1-score": 0.7296761055588533,
            "support": 421
        }
    },
    "cm": [
        [
            141,
            51
        ],
        [
            63,
            166
        ]
    ]
}