Dataset,Classifier,Input Embedding Dimension,Output Embedding Dimension,Accuracy,F1-Score,Precision,Recall
varol-icwsm,Balanced Logistic Regression,32,32,0.7662650602409639,0.7332498393071321,0.7253528276982435,0.7483634532535108
varol-icwsm,Balanced Logistic Regression,16,32,0.7518072289156627,0.7178342981998693,0.710450623202301,0.7333407933754825
varol-icwsm,Balanced Logistic Regression,16,16,0.7518072289156627,0.7167498293673671,0.7095517311402173,0.730948917361383
gilani-2017,Balanced Logistic Regression,32,32,0.7257019438444925,0.7149305033718106,0.7179917550058893,0.713097294185377
varol-icwsm,Balanced Logistic Regression,32,16,0.7493975903614458,0.712312696635205,0.7056042435424354,0.7244586806915458
gilani-2017,Balanced Logistic Regression,16,32,0.7105831533477321,0.6989538449594348,0.7021205444960265,0.6971790443293033
gilani-2017,Balanced Logistic Regression,16,16,0.7105831533477321,0.6961228008306886,0.7029243650122772,0.6934849357129149
gilani-2017,Balanced Logistic Regression,32,16,0.6889848812095032,0.6764877139862583,0.6793512471476906,0.6749664171943965
