{
    "report": {
        "bot": {
            "precision": 0.7358490566037735,
            "recall": 0.5777777777777777,
            "f1-score": 0.6473029045643153,
            "support": 135
        },
        "human": {
            "precision": 0.7584745762711864,
            "recall": 0.8647342995169082,
            "f1-score": 0.8081264108352144,
            "support": 207
        },
        "accuracy": 0.7514619883040936,
        "macro avg": {
            "precision": 0.74716181643748,
            "recall": 0.721256038647343,
            "f1-score": 0.7277146576997648,
            "support": 342
        },
        "weighted avg": {
            "precision": 0.7495434500866813,
            "recall": 0.7514619883040936,
            "f1-score": 0.7446434478335437,
            "support": 342
        }
    },
    "cm": [
        [
            78,
            57
        ],
        [
            28,
            179
        ]
    ]
}