{
    "report": {
        "bot": {
            "precision": 0.676923076923077,
            "recall": 0.6875,
            "f1-score": 0.6821705426356589,
            "support": 192
        },
        "human": {
            "precision": 0.7345132743362832,
            "recall": 0.7248908296943232,
            "f1-score": 0.7296703296703296,
            "support": 229
        },
        "accuracy": 0.7078384798099763,
        "macro avg": {
            "precision": 0.7057181756296801,
            "recall": 0.7061954148471616,
            "f1-score": 0.7059204361529943,
            "support": 421
        },
        "weighted avg": {
            "precision": 0.7082488612642273,
            "recall": 0.7078384798099763,
            "f1-score": 0.7080077189561805,
            "support": 421
        }
    },
    "cm": [
        [
            132,
            60
        ],
        [
            63,
            166
        ]
    ]
}