{
    "model": {
        "bot": {
            "precision": 0.7894736842105263,
            "recall": 0.15625,
            "f1-score": 0.2608695652173913,
            "support": 192
        },
        "human": {
            "precision": 0.577023498694517,
            "recall": 0.9650655021834061,
            "f1-score": 0.7222222222222222,
            "support": 229
        },
        "accuracy": 0.5961995249406176,
        "macro avg": {
            "precision": 0.6832485914525217,
            "recall": 0.560657751091703,
            "f1-score": 0.4915458937198067,
            "support": 421
        },
        "weighted avg": {
            "precision": 0.6739128944642884,
            "recall": 0.5961995249406176,
            "f1-score": 0.5118191102390214,
            "support": 421
        }
    },
    "cm": [
        [
            30,
            162
        ],
        [
            8,
            221
        ]
    ]
}