{
    "report": {
        "model": {
            "0": {
                "precision": 0.7146912873920007,
                "recall": 0.8888602941176466,
                "f1-score": 0.7922872208303636,
                "support": 272.0
            },
            "1": {
                "precision": 0.6210991490081046,
                "recall": 0.33883561643835647,
                "f1-score": 0.4381931760341058,
                "support": 146.0
            },
            "macro avg": {
                "precision": 0.6678952182000526,
                "recall": 0.6138479552780017,
                "f1-score": 0.6152401984322351,
                "support": 418.0
            },
            "weighted avg": {
                "precision": 0.6820012103488218,
                "recall": 0.6967464114832531,
                "f1-score": 0.6686084396335846,
                "support": 418.0
            },
            "accuracy": 0.6967464114832531
        }
    },
    "cm": [
        [
            242,
            30
        ],
        [
            97,
            49
        ]
    ]
}