{
    "report": {
        "model": {
            "0": {
                "precision": 0.758405939300927,
                "recall": 0.8202290076335877,
                "f1-score": 0.7880686994156805,
                "support": 262.0
            },
            "1": {
                "precision": 0.6627444912538055,
                "recall": 0.5746583850931679,
                "f1-score": 0.6154435663846677,
                "support": 161.0
            },
            "macro avg": {
                "precision": 0.7105752152773661,
                "recall": 0.6974436963633777,
                "f1-score": 0.7017561329001745,
                "support": 423.0
            },
            "weighted avg": {
                "precision": 0.7219957900442213,
                "recall": 0.7267612293144201,
                "f1-score": 0.7223650435811809,
                "support": 423.0
            },
            "accuracy": 0.7267612293144201
        }
    },
    "cm": [
        [
            215,
            47
        ],
        [
            68,
            93
        ]
    ]
}