{
    "report": {
        "model": {
            "0": {
                "precision": 0.7484739546509636,
                "recall": 0.7738554216867469,
                "f1-score": 0.7609081517442513,
                "support": 249.0
            },
            "1": {
                "precision": 0.6599608802552919,
                "recall": 0.6277586206896555,
                "f1-score": 0.6433649421514633,
                "support": 174.0
            },
            "macro avg": {
                "precision": 0.704217417453128,
                "recall": 0.7008070211882013,
                "f1-score": 0.7021365469478575,
                "support": 423.0
            },
            "weighted avg": {
                "precision": 0.7120643212116095,
                "recall": 0.7137588652482267,
                "f1-score": 0.7125570442521827,
                "support": 423.0
            },
            "accuracy": 0.7137588652482267
        }
    },
    "cm": [
        [
            193,
            56
        ],
        [
            65,
            109
        ]
    ]
}