{
    "report": {
        "model": {
            "0": {
                "precision": 0.7036135339368069,
                "recall": 0.8520077220077228,
                "f1-score": 0.7707058843379655,
                "support": 259.0
            },
            "1": {
                "precision": 0.7485441951171796,
                "recall": 0.5508695652173913,
                "f1-score": 0.6345774107005178,
                "support": 207.0
            },
            "macro avg": {
                "precision": 0.7260788645269934,
                "recall": 0.7014386436125568,
                "f1-score": 0.7026416475192414,
                "support": 466.0
            },
            "weighted avg": {
                "precision": 0.7235720036027662,
                "recall": 0.7182403433476395,
                "f1-score": 0.7102367984088853,
                "support": 466.0
            },
            "accuracy": 0.7182403433476395
        }
    },
    "cm": [
        [
            221,
            38
        ],
        [
            93,
            114
        ]
    ]
}