{
    "model": {
        "bot": {
            "precision": 0.8,
            "recall": 0.1875,
            "f1-score": 0.3037974683544304,
            "support": 192
        },
        "human": {
            "precision": 0.5851063829787234,
            "recall": 0.9606986899563319,
            "f1-score": 0.7272727272727272,
            "support": 229
        },
        "accuracy": 0.6080760095011877,
        "macro avg": {
            "precision": 0.6925531914893617,
            "recall": 0.574099344978166,
            "f1-score": 0.5155350978135788,
            "support": 421
        },
        "weighted avg": {
            "precision": 0.6831101228079043,
            "recall": 0.6080760095011877,
            "f1-score": 0.534143868098587,
            "support": 421
        }
    },
    "cm": [
        [
            36,
            156
        ],
        [
            9,
            220
        ]
    ]
}