{
    "reports": [
        {
            "0": {
                "precision": 0.8022388059701493,
                "recall": 0.8022388059701493,
                "f1-score": 0.8022388059701493,
                "support": 268
            },
            "1": {
                "precision": 0.7282051282051282,
                "recall": 0.7282051282051282,
                "f1-score": 0.7282051282051283,
                "support": 195
            },
            "accuracy": 0.7710583153347732,
            "macro avg": {
                "precision": 0.7652219670876388,
                "recall": 0.7652219670876388,
                "f1-score": 0.7652219670876388,
                "support": 463
            },
            "weighted avg": {
                "precision": 0.7710583153347732,
                "recall": 0.7710583153347732,
                "f1-score": 0.7710583153347732,
                "support": 463
            }
        },
        {
            "0": {
                "precision": 0.7857142857142857,
                "recall": 0.8619402985074627,
                "f1-score": 0.8220640569395017,
                "support": 268
            },
            "1": {
                "precision": 0.7810650887573964,
                "recall": 0.676923076923077,
                "f1-score": 0.7252747252747253,
                "support": 195
            },
            "accuracy": 0.7840172786177105,
            "macro avg": {
                "precision": 0.783389687235841,
                "recall": 0.7694316877152698,
                "f1-score": 0.7736693911071135,
                "support": 463
            },
            "weighted avg": {
                "precision": 0.7837562006028528,
                "recall": 0.7840172786177105,
                "f1-score": 0.7812996515947254,
                "support": 463
            }
        },
        {
            "0": {
                "precision": 0.7912457912457912,
                "recall": 0.8768656716417911,
                "f1-score": 0.8318584070796461,
                "support": 268
            },
            "1": {
                "precision": 0.8012048192771084,
                "recall": 0.6820512820512821,
                "f1-score": 0.7368421052631579,
                "support": 195
            },
            "accuracy": 0.7948164146868251,
            "macro avg": {
                "precision": 0.7962253052614499,
                "recall": 0.7794584768465366,
                "f1-score": 0.784350256171402,
                "support": 463
            },
            "weighted avg": {
                "precision": 0.7954401983000177,
                "recall": 0.7948164146868251,
                "f1-score": 0.7918407421677343,
                "support": 463
            }
        },
        {
            "0": {
                "precision": 0.77,
                "recall": 0.8619402985074627,
                "f1-score": 0.8133802816901409,
                "support": 268
            },
            "1": {
                "precision": 0.7730061349693251,
                "recall": 0.6461538461538462,
                "f1-score": 0.7039106145251397,
                "support": 195
            },
            "accuracy": 0.7710583153347732,
            "macro avg": {
                "precision": 0.7715030674846626,
                "recall": 0.7540470723306545,
                "f1-score": 0.7586454481076403,
                "support": 463
            },
            "weighted avg": {
                "precision": 0.7712660827624588,
                "recall": 0.7710583153347732,
                "f1-score": 0.7672753462750755,
                "support": 463
            }
        },
        {
            "0": {
                "precision": 0.8102189781021898,
                "recall": 0.8283582089552238,
                "f1-score": 0.8191881918819187,
                "support": 268
            },
            "1": {
                "precision": 0.7566137566137566,
                "recall": 0.7333333333333333,
                "f1-score": 0.7447916666666667,
                "support": 195
            },
            "accuracy": 0.7883369330453563,
            "macro avg": {
                "precision": 0.7834163673579733,
                "recall": 0.7808457711442786,
                "f1-score": 0.7819899292742927,
                "support": 463
            },
            "weighted avg": {
                "precision": 0.787642264948314,
                "recall": 0.7883369330453563,
                "f1-score": 0.7878548821260352,
                "support": 463
            }
        },
        {
            "0": {
                "precision": 0.7847682119205298,
                "recall": 0.8843283582089553,
                "f1-score": 0.8315789473684211,
                "support": 268
            },
            "1": {
                "precision": 0.8074534161490683,
                "recall": 0.6666666666666666,
                "f1-score": 0.7303370786516854,
                "support": 195
            },
            "accuracy": 0.7926565874730022,
            "macro avg": {
                "precision": 0.796110814034799,
                "recall": 0.775497512437811,
                "f1-score": 0.7809580130100533,
                "support": 463
            },
            "weighted avg": {
                "precision": 0.7943224556020956,
                "recall": 0.7926565874730022,
                "f1-score": 0.7889392834380464,
                "support": 463
            }
        },
        {
            "0": {
                "precision": 0.780327868852459,
                "recall": 0.8880597014925373,
                "f1-score": 0.830715532286213,
                "support": 268
            },
            "1": {
                "precision": 0.810126582278481,
                "recall": 0.6564102564102564,
                "f1-score": 0.725212464589235,
                "support": 195
            },
            "accuracy": 0.7904967602591793,
            "macro avg": {
                "precision": 0.79522722556547,
                "recall": 0.7722349789513969,
                "f1-score": 0.777963998437724,
                "support": 463
            },
            "weighted avg": {
                "precision": 0.7928780829303732,
                "recall": 0.7904967602591793,
                "f1-score": 0.7862811949192352,
                "support": 463
            }
        },
        {
            "0": {
                "precision": 0.752442996742671,
                "recall": 0.8619402985074627,
                "f1-score": 0.8034782608695652,
                "support": 268
            },
            "1": {
                "precision": 0.7628205128205128,
                "recall": 0.6102564102564103,
                "f1-score": 0.6780626780626781,
                "support": 195
            },
            "accuracy": 0.755939524838013,
            "macro avg": {
                "precision": 0.7576317547815918,
                "recall": 0.7360983543819365,
                "f1-score": 0.7407704694661217,
                "support": 463
            },
            "weighted avg": {
                "precision": 0.7568136568618484,
                "recall": 0.755939524838013,
                "f1-score": 0.7506574430567294,
                "support": 463
            }
        }
    ],