{
    "reports": [
        {
            "0": {
                "precision": 0.8022388059701493,
                "recall": 0.8022388059701493,
                "f1-score": 0.8022388059701493,
                "support": 268
            },
            "1": {
                "precision": 0.7282051282051282,
                "recall": 0.7282051282051282,
                "f1-score": 0.7282051282051283,
                "support": 195
            },
            "accuracy": 0.7710583153347732,
            "macro avg": {
                "precision": 0.7652219670876388,
                "recall": 0.7652219670876388,
                "f1-score": 0.7652219670876388,
                "support": 463
            },
            "weighted avg": {
                "precision": 0.7710583153347732,
                "recall": 0.7710583153347732,
                "f1-score": 0.7710583153347732,
                "support": 463
            }
        },
        {
            "0": {
                "precision": 0.7857142857142857,
                "recall": 0.8619402985074627,
                "f1-score": 0.8220640569395017,
                "support": 268
            },
            "1": {
                "precision": 0.7810650887573964,
                "recall": 0.676923076923077,
                "f1-score": 0.7252747252747253,
                "support": 195
            },
            "accuracy": 0.7840172786177105,
            "macro avg": {
                "precision": 0.783389687235841,
                "recall": 0.7694316877152698,
                "f1-score": 0.7736693911071135,
                "support": 463
            },
            "weighted avg": {
                "precision": 0.7837562006028528,
                "recall": 0.7840172786177105,
                "f1-score": 0.7812996515947254,
                "support": 463
            }
        },
        {
            "0": {
                "precision": 0.7912457912457912,
                "recall": 0.8768656716417911,
                "f1-score": 0.8318584070796461,
                "support": 268
            },
            "1": {
                "precision": 0.8012048192771084,
                "recall": 0.6820512820512821,
                "f1-score": 0.7368421052631579,
                "support": 195
            },
            "accuracy": 0.7948164146868251,
            "macro avg": {
                "precision": 0.7962253052614499,
                "recall": 0.7794584768465366,
                "f1-score": 0.784350256171402,
                "support": 463
            },
            "weighted avg": {
                "precision": 0.7954401983000177,
                "recall": 0.7948164146868251,
                "f1-score": 0.7918407421677343,
                "support": 463
            }
        },
        {
            "0": {
                "precision": 0.77,
                "recall": 0.8619402985074627,
                "f1-score": 0.8133802816901409,
                "support": 268
            },
            "1": {
                "precision": 0.7730061349693251,
                "recall": 0.6461538461538462,
                "f1-score": 0.7039106145251397,
                "support": 195
            },
            "accuracy": 0.7710583153347732,
            "macro avg": {
                "precision": 0.7715030674846626,
                "recall": 0.7540470723306545,
                "f1-score": 0.7586454481076403,
                "support": 463
            },
            "weighted avg": {
                "precision": 0.7712660827624588,
                "recall": 0.7710583153347732,
                "f1-score": 0.7672753462750755,
                "support": 463
            }
        },
        {
            "0": {
                "precision": 0.7928571428571428,
                "recall": 0.8283582089552238,
                "f1-score": 0.8102189781021897,
                "support": 268
            },
            "1": {
                "precision": 0.7486338797814208,
                "recall": 0.7025641025641025,
                "f1-score": 0.7248677248677249,
                "support": 195
            },
            "accuracy": 0.775377969762419,
            "macro avg": {
                "precision": 0.7707455113192818,
                "recall": 0.7654611557596631,
                "f1-score": 0.7675433514849572,
                "support": 463
            },
            "weighted avg": {
                "precision": 0.7742317944775191,
                "recall": 0.775377969762419,
                "f1-score": 0.7742719060056008,
                "support": 463
            }
        },
        {
            "0": {
                "precision": 0.7660256410256411,
                "recall": 0.8917910447761194,
                "f1-score": 0.8241379310344829,
                "support": 268
            },
            "1": {
                "precision": 0.8079470198675497,
                "recall": 0.6256410256410256,
                "f1-score": 0.7052023121387282,
                "support": 195
            },
            "accuracy": 0.7796976241900648,
            "macro avg": {
                "precision": 0.7869863304465954,
                "recall": 0.7587160352085724,
                "f1-score": 0.7646701215866055,
                "support": 463
            },
            "weighted avg": {
                "precision": 0.7836815133240692,
                "recall": 0.7796976241900648,
                "f1-score": 0.7740462556896186,
                "support": 463
            }
        },
        {
            "0": {
                "precision": 0.7660256410256411,
                "recall": 0.8917910447761194,
                "f1-score": 0.8241379310344829,
                "support": 268
            },
            "1": {
                "precision": 0.8079470198675497,
                "recall": 0.6256410256410256,
                "f1-score": 0.7052023121387282,
                "support": 195
            },
            "accuracy": 0.7796976241900648,
            "macro avg": {
                "precision": 0.7869863304465954,
                "recall": 0.7587160352085724,
                "f1-score": 0.7646701215866055,
                "support": 463
            },
            "weighted avg": {
                "precision": 0.7836815133240692,
                "recall": 0.7796976241900648,
                "f1-score": 0.7740462556896186,
                "support": 463
            }
        },
        {
            "0": {
                "precision": 0.7737704918032787,
                "recall": 0.8805970149253731,
                "f1-score": 0.8237347294938918,
                "support": 268
            },
            "1": {
                "precision": 0.7974683544303798,
                "recall": 0.6461538461538462,
                "f1-score": 0.7138810198300283,
                "support": 195
            },
            "accuracy": 0.7818574514038877,
            "macro avg": {
                "precision": 0.7856194231168292,
                "recall": 0.7633754305396097,
                "f1-score": 0.76880787466196,
                "support": 463
            },
            "weighted avg": {
                "precision": 0.7837512330825113,
                "recall": 0.7818574514038877,
                "f1-score": 0.7774680483179666,
                "support": 463
            }
        }
    ],