{
    "reports": [
        {
            "0": {
                "precision": 0.8022388059701493,
                "recall": 0.8022388059701493,
                "f1-score": 0.8022388059701493,
                "support": 268
            },
            "1": {
                "precision": 0.7282051282051282,
                "recall": 0.7282051282051282,
                "f1-score": 0.7282051282051283,
                "support": 195
            },
            "accuracy": 0.7710583153347732,
            "macro avg": {
                "precision": 0.7652219670876388,
                "recall": 0.7652219670876388,
                "f1-score": 0.7652219670876388,
                "support": 463
            },
            "weighted avg": {
                "precision": 0.7710583153347732,
                "recall": 0.7710583153347732,
                "f1-score": 0.7710583153347732,
                "support": 463
            }
        },
        {
            "0": {
                "precision": 0.7857142857142857,
                "recall": 0.8619402985074627,
                "f1-score": 0.8220640569395017,
                "support": 268
            },
            "1": {
                "precision": 0.7810650887573964,
                "recall": 0.676923076923077,
                "f1-score": 0.7252747252747253,
                "support": 195
            },
            "accuracy": 0.7840172786177105,
            "macro avg": {
                "precision": 0.783389687235841,
                "recall": 0.7694316877152698,
                "f1-score": 0.7736693911071135,
                "support": 463
            },
            "weighted avg": {
                "precision": 0.7837562006028528,
                "recall": 0.7840172786177105,
                "f1-score": 0.7812996515947254,
                "support": 463
            }
        },
        {
            "0": {
                "precision": 0.7912457912457912,
                "recall": 0.8768656716417911,
                "f1-score": 0.8318584070796461,
                "support": 268
            },
            "1": {
                "precision": 0.8012048192771084,
                "recall": 0.6820512820512821,
                "f1-score": 0.7368421052631579,
                "support": 195
            },
            "accuracy": 0.7948164146868251,
            "macro avg": {
                "precision": 0.7962253052614499,
                "recall": 0.7794584768465366,
                "f1-score": 0.784350256171402,
                "support": 463
            },
            "weighted avg": {
                "precision": 0.7954401983000177,
                "recall": 0.7948164146868251,
                "f1-score": 0.7918407421677343,
                "support": 463
            }
        },
        {
            "0": {
                "precision": 0.77,
                "recall": 0.8619402985074627,
                "f1-score": 0.8133802816901409,
                "support": 268
            },
            "1": {
                "precision": 0.7730061349693251,
                "recall": 0.6461538461538462,
                "f1-score": 0.7039106145251397,
                "support": 195
            },
            "accuracy": 0.7710583153347732,
            "macro avg": {
                "precision": 0.7715030674846626,
                "recall": 0.7540470723306545,
                "f1-score": 0.7586454481076403,
                "support": 463
            },
            "weighted avg": {
                "precision": 0.7712660827624588,
                "recall": 0.7710583153347732,
                "f1-score": 0.7672753462750755,
                "support": 463
            }
        },
        {
            "0": {
                "precision": 0.8228782287822878,
                "recall": 0.832089552238806,
                "f1-score": 0.8274582560296846,
                "support": 268
            },
            "1": {
                "precision": 0.765625,
                "recall": 0.7538461538461538,
                "f1-score": 0.7596899224806202,
                "support": 195
            },
            "accuracy": 0.7991360691144709,
            "macro avg": {
                "precision": 0.7942516143911439,
                "recall": 0.79296785304248,
                "f1-score": 0.7935740892551524,
                "support": 463
            },
            "weighted avg": {
                "precision": 0.7987650978696611,
                "recall": 0.7991360691144709,
                "f1-score": 0.7989165172779188,
                "support": 463
            }
        },
        {
            "0": {
                "precision": 0.7845117845117845,
                "recall": 0.8694029850746269,
                "f1-score": 0.8247787610619469,
                "support": 268
            },
            "1": {
                "precision": 0.7891566265060241,
                "recall": 0.6717948717948717,
                "f1-score": 0.7257617728531857,
                "support": 195
            },
            "accuracy": 0.7861771058315334,
            "macro avg": {
                "precision": 0.7868342055089044,
                "recall": 0.7705989284347493,
                "f1-score": 0.7752702669575663,
                "support": 463
            },
            "weighted avg": {
                "precision": 0.7864680354596825,
                "recall": 0.7861771058315334,
                "f1-score": 0.7830761418379547,
                "support": 463
            }
        },
        {
            "0": {
                "precision": 0.7774086378737541,
                "recall": 0.8731343283582089,
                "f1-score": 0.8224956063268892,
                "support": 268
            },
            "1": {
                "precision": 0.7901234567901234,
                "recall": 0.6564102564102564,
                "f1-score": 0.7170868347338936,
                "support": 195
            },
            "accuracy": 0.7818574514038877,
            "macro avg": {
                "precision": 0.7837660473319388,
                "recall": 0.7647722923842326,
                "f1-score": 0.7697912205303914,
                "support": 463
            },
            "weighted avg": {
                "precision": 0.782763691197063,
                "recall": 0.7818574514038877,
                "f1-score": 0.7781009833017615,
                "support": 463
            }
        },
        {
            "0": {
                "precision": 0.7666666666666667,
                "recall": 0.8582089552238806,
                "f1-score": 0.8098591549295775,
                "support": 268
            },
            "1": {
                "precision": 0.7668711656441718,
                "recall": 0.6410256410256411,
                "f1-score": 0.6983240223463688,
                "support": 195
            },
            "accuracy": 0.7667386609071274,
            "macro avg": {
                "precision": 0.7667689161554192,
                "recall": 0.7496172981247609,
                "f1-score": 0.7540915886379731,
                "support": 463
            },
            "weighted avg": {
                "precision": 0.7667527947457455,
                "recall": 0.7667386609071274,
                "f1-score": 0.7628843150727186,
                "support": 463
            }
        }
    ],