{
    "reports": [
        {
            "0": {
                "precision": 0.875,
                "recall": 0.8162544169611308,
                "f1-score": 0.8446069469835465,
                "support": 283
            },
            "1": {
                "precision": 0.6556291390728477,
                "recall": 0.75,
                "f1-score": 0.6996466431095406,
                "support": 132
            },
            "accuracy": 0.7951807228915663,
            "macro avg": {
                "precision": 0.7653145695364238,
                "recall": 0.7831272084805654,
                "f1-score": 0.7721267950465436,
                "support": 415
            },
            "weighted avg": {
                "precision": 0.8052242080906407,
                "recall": 0.7951807228915663,
                "f1-score": 0.7984990912935013,
                "support": 415
            }
        },
        {
            "0": {
                "precision": 0.8367346938775511,
                "recall": 0.8692579505300353,
                "f1-score": 0.8526863084922011,
                "support": 283
            },
            "1": {
                "precision": 0.6942148760330579,
                "recall": 0.6363636363636364,
                "f1-score": 0.6640316205533597,
                "support": 132
            },
            "accuracy": 0.7951807228915663,
            "macro avg": {
                "precision": 0.7654747849553045,
                "recall": 0.7528107934468358,
                "f1-score": 0.7583589645227804,
                "support": 415
            },
            "weighted avg": {
                "precision": 0.7914030891655678,
                "recall": 0.7951807228915663,
                "f1-score": 0.7926804800393648,
                "support": 415
            }
        },
        {
            "0": {
                "precision": 0.8164556962025317,
                "recall": 0.911660777385159,
                "f1-score": 0.8614357262103506,
                "support": 283
            },
            "1": {
                "precision": 0.7474747474747475,
                "recall": 0.5606060606060606,
                "f1-score": 0.6406926406926408,
                "support": 132
            },
            "accuracy": 0.8,
            "macro avg": {
                "precision": 0.7819652218386396,
                "recall": 0.7361334189956098,
                "f1-score": 0.7510641834514957,
                "support": 415
            },
            "weighted avg": {
                "precision": 0.7945147679324895,
                "recall": 0.8,
                "f1-score": 0.7912234676842357,
                "support": 415
            }
        },
        {
            "0": {
                "precision": 0.8327645051194539,
                "recall": 0.8621908127208481,
                "f1-score": 0.8472222222222222,
                "support": 283
            },
            "1": {
                "precision": 0.680327868852459,
                "recall": 0.6287878787878788,
                "f1-score": 0.653543307086614,
                "support": 132
            },
            "accuracy": 0.7879518072289157,
            "macro avg": {
                "precision": 0.7565461869859564,
                "recall": 0.7454893457543634,
                "f1-score": 0.7503827646544181,
                "support": 415
            },
            "weighted avg": {
                "precision": 0.7842786352706748,
                "recall": 0.7879518072289157,
                "f1-score": 0.7856183263236672,
                "support": 415
            }
        },
        {
            "0": {
                "precision": 0.875,
                "recall": 0.7915194346289752,
                "f1-score": 0.8311688311688311,
                "support": 283
            },
            "1": {
                "precision": 0.6289308176100629,
                "recall": 0.7575757575757576,
                "f1-score": 0.6872852233676975,
                "support": 132
            },
            "accuracy": 0.7807228915662651,
            "macro avg": {
                "precision": 0.7519654088050314,
                "recall": 0.7745475961023665,
                "f1-score": 0.7592270272682643,
                "support": 415
            },
            "weighted avg": {
                "precision": 0.7967322118663333,
                "recall": 0.7807228915662651,
                "f1-score": 0.7854034426634102,
                "support": 415
            }
        },
        {
            "0": {
                "precision": 0.8220064724919094,
                "recall": 0.8975265017667845,
                "f1-score": 0.8581081081081082,
                "support": 283
            },
            "1": {
                "precision": 0.7264150943396226,
                "recall": 0.5833333333333334,
                "f1-score": 0.6470588235294117,
                "support": 132
            },
            "accuracy": 0.7975903614457831,
            "macro avg": {
                "precision": 0.774210783415766,
                "recall": 0.7404299175500589,
                "f1-score": 0.75258346581876,
                "support": 415
            },
            "weighted avg": {
                "precision": 0.7916015040193748,
                "recall": 0.7975903614457831,
                "f1-score": 0.790979179037294,
                "support": 415
            }
        },
        {
            "0": {
                "precision": 0.8158730158730159,
                "recall": 0.9081272084805654,
                "f1-score": 0.8595317725752509,
                "support": 283
            },
            "1": {
                "precision": 0.74,
                "recall": 0.5606060606060606,
                "f1-score": 0.6379310344827586,
                "support": 132
            },
            "accuracy": 0.7975903614457831,
            "macro avg": {
                "precision": 0.7779365079365079,
                "recall": 0.734366634543313,
                "f1-score": 0.7487314035290047,
                "support": 415
            },
            "weighted avg": {
                "precision": 0.7917399120290686,
                "recall": 0.7975903614457831,
                "f1-score": 0.7890467185313739,
                "support": 415
            }
        },
        {
            "0": {
                "precision": 0.8012422360248447,
                "recall": 0.911660777385159,
                "f1-score": 0.8528925619834712,
                "support": 283
            },
            "1": {
                "precision": 0.7311827956989247,
                "recall": 0.5151515151515151,
                "f1-score": 0.6044444444444445,
                "support": 132
            },
            "accuracy": 0.7855421686746988,
            "macro avg": {
                "precision": 0.7662125158618847,
                "recall": 0.7134061462683371,
                "f1-score": 0.7286685032139578,
                "support": 415
            },
            "weighted avg": {
                "precision": 0.7789582694633472,
                "recall": 0.7855421686746988,
                "f1-score": 0.7738681005011783,
                "support": 415
            }
        }
    ],