{
    "reports": [
        {
            "0": {
                "precision": 0.875,
                "recall": 0.8162544169611308,
                "f1-score": 0.8446069469835465,
                "support": 283
            },
            "1": {
                "precision": 0.6556291390728477,
                "recall": 0.75,
                "f1-score": 0.6996466431095406,
                "support": 132
            },
            "accuracy": 0.7951807228915663,
            "macro avg": {
                "precision": 0.7653145695364238,
                "recall": 0.7831272084805654,
                "f1-score": 0.7721267950465436,
                "support": 415
            },
            "weighted avg": {
                "precision": 0.8052242080906407,
                "recall": 0.7951807228915663,
                "f1-score": 0.7984990912935013,
                "support": 415
            }
        },
        {
            "0": {
                "precision": 0.8367346938775511,
                "recall": 0.8692579505300353,
                "f1-score": 0.8526863084922011,
                "support": 283
            },
            "1": {
                "precision": 0.6942148760330579,
                "recall": 0.6363636363636364,
                "f1-score": 0.6640316205533597,
                "support": 132
            },
            "accuracy": 0.7951807228915663,
            "macro avg": {
                "precision": 0.7654747849553045,
                "recall": 0.7528107934468358,
                "f1-score": 0.7583589645227804,
                "support": 415
            },
            "weighted avg": {
                "precision": 0.7914030891655678,
                "recall": 0.7951807228915663,
                "f1-score": 0.7926804800393648,
                "support": 415
            }
        },
        {
            "0": {
                "precision": 0.8164556962025317,
                "recall": 0.911660777385159,
                "f1-score": 0.8614357262103506,
                "support": 283
            },
            "1": {
                "precision": 0.7474747474747475,
                "recall": 0.5606060606060606,
                "f1-score": 0.6406926406926408,
                "support": 132
            },
            "accuracy": 0.8,
            "macro avg": {
                "precision": 0.7819652218386396,
                "recall": 0.7361334189956098,
                "f1-score": 0.7510641834514957,
                "support": 415
            },
            "weighted avg": {
                "precision": 0.7945147679324895,
                "recall": 0.8,
                "f1-score": 0.7912234676842357,
                "support": 415
            }
        },
        {
            "0": {
                "precision": 0.8327645051194539,
                "recall": 0.8621908127208481,
                "f1-score": 0.8472222222222222,
                "support": 283
            },
            "1": {
                "precision": 0.680327868852459,
                "recall": 0.6287878787878788,
                "f1-score": 0.653543307086614,
                "support": 132
            },
            "accuracy": 0.7879518072289157,
            "macro avg": {
                "precision": 0.7565461869859564,
                "recall": 0.7454893457543634,
                "f1-score": 0.7503827646544181,
                "support": 415
            },
            "weighted avg": {
                "precision": 0.7842786352706748,
                "recall": 0.7879518072289157,
                "f1-score": 0.7856183263236672,
                "support": 415
            }
        },
        {
            "0": {
                "precision": 0.872093023255814,
                "recall": 0.7950530035335689,
                "f1-score": 0.831792975970425,
                "support": 283
            },
            "1": {
                "precision": 0.6305732484076433,
                "recall": 0.75,
                "f1-score": 0.6851211072664358,
                "support": 132
            },
            "accuracy": 0.7807228915662651,
            "macro avg": {
                "precision": 0.7513331358317286,
                "recall": 0.7725265017667844,
                "f1-score": 0.7584570416184304,
                "support": 415
            },
            "weighted avg": {
                "precision": 0.7952722755932633,
                "recall": 0.7807228915662651,
                "f1-score": 0.785140718936867,
                "support": 415
            }
        },
        {
            "0": {
                "precision": 0.8037974683544303,
                "recall": 0.8975265017667845,
                "f1-score": 0.8480801335559265,
                "support": 283
            },
            "1": {
                "precision": 0.7070707070707071,
                "recall": 0.5303030303030303,
                "f1-score": 0.606060606060606,
                "support": 132
            },
            "accuracy": 0.7807228915662651,
            "macro avg": {
                "precision": 0.7554340877125687,
                "recall": 0.7139147660349074,
                "f1-score": 0.7270703698082662,
                "support": 415
            },
            "weighted avg": {
                "precision": 0.7730313659702098,
                "recall": 0.7807228915662651,
                "f1-score": 0.7711004284248847,
                "support": 415
            }
        },
        {
            "0": {
                "precision": 0.8025078369905956,
                "recall": 0.9045936395759717,
                "f1-score": 0.8504983388704319,
                "support": 283
            },
            "1": {
                "precision": 0.71875,
                "recall": 0.5227272727272727,
                "f1-score": 0.6052631578947368,
                "support": 132
            },
            "accuracy": 0.7831325301204819,
            "macro avg": {
                "precision": 0.7606289184952978,
                "recall": 0.7136604561516222,
                "f1-score": 0.7278807483825844,
                "support": 415
            },
            "weighted avg": {
                "precision": 0.7758667900441892,
                "recall": 0.7831325301204819,
                "f1-score": 0.772495823475753,
                "support": 415
            }
        },
        {
            "0": {
                "precision": 0.8,
                "recall": 0.9328621908127208,
                "f1-score": 0.8613376835236543,
                "support": 283
            },
            "1": {
                "precision": 0.7764705882352941,
                "recall": 0.5,
                "f1-score": 0.6082949308755761,
                "support": 132
            },
            "accuracy": 0.7951807228915663,
            "macro avg": {
                "precision": 0.7882352941176471,
                "recall": 0.7164310954063604,
                "f1-score": 0.7348163071996152,
                "support": 415
            },
            "weighted avg": {
                "precision": 0.7925159461374911,
                "recall": 0.7951807228915663,
                "f1-score": 0.780851795934386,
                "support": 415
            }
        }
    ],