{
    "reports": [
        {
            "0": {
                "precision": 0.875,
                "recall": 0.8162544169611308,
                "f1-score": 0.8446069469835465,
                "support": 283
            },
            "1": {
                "precision": 0.6556291390728477,
                "recall": 0.75,
                "f1-score": 0.6996466431095406,
                "support": 132
            },
            "accuracy": 0.7951807228915663,
            "macro avg": {
                "precision": 0.7653145695364238,
                "recall": 0.7831272084805654,
                "f1-score": 0.7721267950465436,
                "support": 415
            },
            "weighted avg": {
                "precision": 0.8052242080906407,
                "recall": 0.7951807228915663,
                "f1-score": 0.7984990912935013,
                "support": 415
            }
        },
        {
            "0": {
                "precision": 0.8367346938775511,
                "recall": 0.8692579505300353,
                "f1-score": 0.8526863084922011,
                "support": 283
            },
            "1": {
                "precision": 0.6942148760330579,
                "recall": 0.6363636363636364,
                "f1-score": 0.6640316205533597,
                "support": 132
            },
            "accuracy": 0.7951807228915663,
            "macro avg": {
                "precision": 0.7654747849553045,
                "recall": 0.7528107934468358,
                "f1-score": 0.7583589645227804,
                "support": 415
            },
            "weighted avg": {
                "precision": 0.7914030891655678,
                "recall": 0.7951807228915663,
                "f1-score": 0.7926804800393648,
                "support": 415
            }
        },
        {
            "0": {
                "precision": 0.8164556962025317,
                "recall": 0.911660777385159,
                "f1-score": 0.8614357262103506,
                "support": 283
            },
            "1": {
                "precision": 0.7474747474747475,
                "recall": 0.5606060606060606,
                "f1-score": 0.6406926406926408,
                "support": 132
            },
            "accuracy": 0.8,
            "macro avg": {
                "precision": 0.7819652218386396,
                "recall": 0.7361334189956098,
                "f1-score": 0.7510641834514957,
                "support": 415
            },
            "weighted avg": {
                "precision": 0.7945147679324895,
                "recall": 0.8,
                "f1-score": 0.7912234676842357,
                "support": 415
            }
        },
        {
            "0": {
                "precision": 0.8327645051194539,
                "recall": 0.8621908127208481,
                "f1-score": 0.8472222222222222,
                "support": 283
            },
            "1": {
                "precision": 0.680327868852459,
                "recall": 0.6287878787878788,
                "f1-score": 0.653543307086614,
                "support": 132
            },
            "accuracy": 0.7879518072289157,
            "macro avg": {
                "precision": 0.7565461869859564,
                "recall": 0.7454893457543634,
                "f1-score": 0.7503827646544181,
                "support": 415
            },
            "weighted avg": {
                "precision": 0.7842786352706748,
                "recall": 0.7879518072289157,
                "f1-score": 0.7856183263236672,
                "support": 415
            }
        },
        {
            "0": {
                "precision": 0.8769230769230769,
                "recall": 0.8056537102473498,
                "f1-score": 0.8397790055248618,
                "support": 283
            },
            "1": {
                "precision": 0.6451612903225806,
                "recall": 0.7575757575757576,
                "f1-score": 0.6968641114982578,
                "support": 132
            },
            "accuracy": 0.7903614457831325,
            "macro avg": {
                "precision": 0.7610421836228287,
                "recall": 0.7816147339115537,
                "f1-score": 0.7683215585115598,
                "support": 415
            },
            "weighted avg": {
                "precision": 0.8032060749200275,
                "recall": 0.7903614457831325,
                "f1-score": 0.7943217380272433,
                "support": 415
            }
        },
        {
            "0": {
                "precision": 0.8050314465408805,
                "recall": 0.9045936395759717,
                "f1-score": 0.8519134775374376,
                "support": 283
            },
            "1": {
                "precision": 0.7216494845360825,
                "recall": 0.5303030303030303,
                "f1-score": 0.611353711790393,
                "support": 132
            },
            "accuracy": 0.7855421686746988,
            "macro avg": {
                "precision": 0.7633404655384814,
                "recall": 0.717448334939501,
                "f1-score": 0.7316335946639153,
                "support": 415
            },
            "weighted avg": {
                "precision": 0.7785099550116436,
                "recall": 0.7855421686746988,
                "f1-score": 0.7753980821672933,
                "support": 415
            }
        },
        {
            "0": {
                "precision": 0.8056426332288401,
                "recall": 0.9081272084805654,
                "f1-score": 0.8538205980066446,
                "support": 283
            },
            "1": {
                "precision": 0.7291666666666666,
                "recall": 0.5303030303030303,
                "f1-score": 0.6140350877192983,
                "support": 132
            },
            "accuracy": 0.7879518072289157,
            "macro avg": {
                "precision": 0.7674046499477534,
                "recall": 0.7192151193917978,
                "f1-score": 0.7339278428629714,
                "support": 415
            },
            "weighted avg": {
                "precision": 0.7813177474789441,
                "recall": 0.7879518072289157,
                "f1-score": 0.7775514718429585,
                "support": 415
            }
        },
        {
            "0": {
                "precision": 0.7912772585669782,
                "recall": 0.8975265017667845,
                "f1-score": 0.8410596026490066,
                "support": 283
            },
            "1": {
                "precision": 0.6914893617021277,
                "recall": 0.49242424242424243,
                "f1-score": 0.5752212389380531,
                "support": 132
            },
            "accuracy": 0.7686746987951807,
            "macro avg": {
                "precision": 0.7413833101345529,
                "recall": 0.6949753720955134,
                "f1-score": 0.7081404207935298,
                "support": 415
            },
            "weighted avg": {
                "precision": 0.7595374937810498,
                "recall": 0.7686746987951807,
                "f1-score": 0.7565037857578117,
                "support": 415
            }
        }
    ],