{
    "report": {
        "model": {
            "0": {
                "precision": 0.688997513337499,
                "recall": 0.7813886717677095,
                "f1-score": 0.7286999041745551,
                "support": 25.90909090909091
            },
            "1": {
                "precision": 0.3416268075358984,
                "recall": 0.24469438315694997,
                "f1-score": 0.2750404801341717,
                "support": 12.090909090909092
            },
            "macro avg": {
                "precision": 0.5153121604366988,
                "recall": 0.5130415274623297,
                "f1-score": 0.5018701921543632,
                "support": 38.0
            },
            "weighted avg": {
                "precision": 0.5879474335025126,
                "recall": 0.6084343434343434,
                "f1-score": 0.5874058498492097,
                "support": 38.0
            },
            "accuracy": 0.6084343434343434
        }
    },
    "cm": [
        [
            125,
            35
        ],
        [
            60,
            18
        ]
    ]
}