{
    "report": {
        "bot": {
            "precision": 0.70625,
            "recall": 0.5885416666666666,
            "f1-score": 0.6420454545454545,
            "support": 192
        },
        "human": {
            "precision": 0.6973180076628352,
            "recall": 0.7947598253275109,
            "f1-score": 0.7428571428571429,
            "support": 229
        },
        "accuracy": 0.7007125890736342,
        "macro avg": {
            "precision": 0.7017840038314176,
            "recall": 0.6916507459970888,
            "f1-score": 0.6924512987012987,
            "support": 421
        },
        "weighted avg": {
            "precision": 0.7013915053557941,
            "recall": 0.7007125890736342,
            "f1-score": 0.6968812660024062,
            "support": 421
        }
    },
    "cm": [
        [
            113,
            79
        ],
        [
            47,
            182
        ]
    ]
}