{
    "reports": [
        {
            "0": {
                "precision": 0.8022388059701493,
                "recall": 0.8022388059701493,
                "f1-score": 0.8022388059701493,
                "support": 268
            },
            "1": {
                "precision": 0.7282051282051282,
                "recall": 0.7282051282051282,
                "f1-score": 0.7282051282051283,
                "support": 195
            },
            "accuracy": 0.7710583153347732,
            "macro avg": {
                "precision": 0.7652219670876388,
                "recall": 0.7652219670876388,
                "f1-score": 0.7652219670876388,
                "support": 463
            },
            "weighted avg": {
                "precision": 0.7710583153347732,
                "recall": 0.7710583153347732,
                "f1-score": 0.7710583153347732,
                "support": 463
            }
        },
        {
            "0": {
                "precision": 0.7857142857142857,
                "recall": 0.8619402985074627,
                "f1-score": 0.8220640569395017,
                "support": 268
            },
            "1": {
                "precision": 0.7810650887573964,
                "recall": 0.676923076923077,
                "f1-score": 0.7252747252747253,
                "support": 195
            },
            "accuracy": 0.7840172786177105,
            "macro avg": {
                "precision": 0.783389687235841,
                "recall": 0.7694316877152698,
                "f1-score": 0.7736693911071135,
                "support": 463
            },
            "weighted avg": {
                "precision": 0.7837562006028528,
                "recall": 0.7840172786177105,
                "f1-score": 0.7812996515947254,
                "support": 463
            }
        },
        {
            "0": {
                "precision": 0.7912457912457912,
                "recall": 0.8768656716417911,
                "f1-score": 0.8318584070796461,
                "support": 268
            },
            "1": {
                "precision": 0.8012048192771084,
                "recall": 0.6820512820512821,
                "f1-score": 0.7368421052631579,
                "support": 195
            },
            "accuracy": 0.7948164146868251,
            "macro avg": {
                "precision": 0.7962253052614499,
                "recall": 0.7794584768465366,
                "f1-score": 0.784350256171402,
                "support": 463
            },
            "weighted avg": {
                "precision": 0.7954401983000177,
                "recall": 0.7948164146868251,
                "f1-score": 0.7918407421677343,
                "support": 463
            }
        },
        {
            "0": {
                "precision": 0.77,
                "recall": 0.8619402985074627,
                "f1-score": 0.8133802816901409,
                "support": 268
            },
            "1": {
                "precision": 0.7730061349693251,
                "recall": 0.6461538461538462,
                "f1-score": 0.7039106145251397,
                "support": 195
            },
            "accuracy": 0.7710583153347732,
            "macro avg": {
                "precision": 0.7715030674846626,
                "recall": 0.7540470723306545,
                "f1-score": 0.7586454481076403,
                "support": 463
            },
            "weighted avg": {
                "precision": 0.7712660827624588,
                "recall": 0.7710583153347732,
                "f1-score": 0.7672753462750755,
                "support": 463
            }
        },
        {
            "0": {
                "precision": 0.8191881918819188,
                "recall": 0.8283582089552238,
                "f1-score": 0.823747680890538,
                "support": 268
            },
            "1": {
                "precision": 0.7604166666666666,
                "recall": 0.7487179487179487,
                "f1-score": 0.7545219638242895,
                "support": 195
            },
            "accuracy": 0.7948164146868251,
            "macro avg": {
                "precision": 0.7898024292742927,
                "recall": 0.7885380788365863,
                "f1-score": 0.7891348223574137,
                "support": 463
            },
            "weighted avg": {
                "precision": 0.7944356056681517,
                "recall": 0.7948164146868251,
                "f1-score": 0.794592141305401,
                "support": 463
            }
        },
        {
            "0": {
                "precision": 0.7871621621621622,
                "recall": 0.8694029850746269,
                "f1-score": 0.8262411347517731,
                "support": 268
            },
            "1": {
                "precision": 0.7904191616766467,
                "recall": 0.676923076923077,
                "f1-score": 0.7292817679558011,
                "support": 195
            },
            "accuracy": 0.7883369330453563,
            "macro avg": {
                "precision": 0.7887906619194045,
                "recall": 0.773163030998852,
                "f1-score": 0.7777614513537872,
                "support": 463
            },
            "weighted avg": {
                "precision": 0.7885339006185864,
                "recall": 0.7883369330453563,
                "f1-score": 0.7854051163387827,
                "support": 463
            }
        },
        {
            "0": {
                "precision": 0.7873754152823921,
                "recall": 0.8843283582089553,
                "f1-score": 0.8330404217926187,
                "support": 268
            },
            "1": {
                "precision": 0.808641975308642,
                "recall": 0.6717948717948717,
                "f1-score": 0.7338935574229692,
                "support": 195
            },
            "accuracy": 0.7948164146868251,
            "macro avg": {
                "precision": 0.798008695295517,
                "recall": 0.7780616150019135,
                "f1-score": 0.7834669896077939,
                "support": 463
            },
            "weighted avg": {
                "precision": 0.7963321738247652,
                "recall": 0.7948164146868251,
                "f1-score": 0.7912831031056174,
                "support": 463
            }
        },
        {
            "0": {
                "precision": 0.760655737704918,
                "recall": 0.8656716417910447,
                "f1-score": 0.8097731239092495,
                "support": 268
            },
            "1": {
                "precision": 0.7721518987341772,
                "recall": 0.6256410256410256,
                "f1-score": 0.6912181303116147,
                "support": 195
            },
            "accuracy": 0.7645788336933045,
            "macro avg": {
                "precision": 0.7664038182195476,
                "recall": 0.7456563337160351,
                "f1-score": 0.7504956271104322,
                "support": 463
            },
            "weighted avg": {
                "precision": 0.7654975333867875,
                "recall": 0.7645788336933045,
                "f1-score": 0.7598417551154292,
                "support": 463
            }
        }
    ],