{
    "reports": [
        {
            "0": {
                "precision": 0.8022388059701493,
                "recall": 0.8022388059701493,
                "f1-score": 0.8022388059701493,
                "support": 268
            },
            "1": {
                "precision": 0.7282051282051282,
                "recall": 0.7282051282051282,
                "f1-score": 0.7282051282051283,
                "support": 195
            },
            "accuracy": 0.7710583153347732,
            "macro avg": {
                "precision": 0.7652219670876388,
                "recall": 0.7652219670876388,
                "f1-score": 0.7652219670876388,
                "support": 463
            },
            "weighted avg": {
                "precision": 0.7710583153347732,
                "recall": 0.7710583153347732,
                "f1-score": 0.7710583153347732,
                "support": 463
            }
        },
        {
            "0": {
                "precision": 0.7857142857142857,
                "recall": 0.8619402985074627,
                "f1-score": 0.8220640569395017,
                "support": 268
            },
            "1": {
                "precision": 0.7810650887573964,
                "recall": 0.676923076923077,
                "f1-score": 0.7252747252747253,
                "support": 195
            },
            "accuracy": 0.7840172786177105,
            "macro avg": {
                "precision": 0.783389687235841,
                "recall": 0.7694316877152698,
                "f1-score": 0.7736693911071135,
                "support": 463
            },
            "weighted avg": {
                "precision": 0.7837562006028528,
                "recall": 0.7840172786177105,
                "f1-score": 0.7812996515947254,
                "support": 463
            }
        },
        {
            "0": {
                "precision": 0.7912457912457912,
                "recall": 0.8768656716417911,
                "f1-score": 0.8318584070796461,
                "support": 268
            },
            "1": {
                "precision": 0.8012048192771084,
                "recall": 0.6820512820512821,
                "f1-score": 0.7368421052631579,
                "support": 195
            },
            "accuracy": 0.7948164146868251,
            "macro avg": {
                "precision": 0.7962253052614499,
                "recall": 0.7794584768465366,
                "f1-score": 0.784350256171402,
                "support": 463
            },
            "weighted avg": {
                "precision": 0.7954401983000177,
                "recall": 0.7948164146868251,
                "f1-score": 0.7918407421677343,
                "support": 463
            }
        },
        {
            "0": {
                "precision": 0.77,
                "recall": 0.8619402985074627,
                "f1-score": 0.8133802816901409,
                "support": 268
            },
            "1": {
                "precision": 0.7730061349693251,
                "recall": 0.6461538461538462,
                "f1-score": 0.7039106145251397,
                "support": 195
            },
            "accuracy": 0.7710583153347732,
            "macro avg": {
                "precision": 0.7715030674846626,
                "recall": 0.7540470723306545,
                "f1-score": 0.7586454481076403,
                "support": 463
            },
            "weighted avg": {
                "precision": 0.7712660827624588,
                "recall": 0.7710583153347732,
                "f1-score": 0.7672753462750755,
                "support": 463
            }
        },
        {
            "0": {
                "precision": 0.8081180811808119,
                "recall": 0.8171641791044776,
                "f1-score": 0.8126159554730984,
                "support": 268
            },
            "1": {
                "precision": 0.7447916666666666,
                "recall": 0.7333333333333333,
                "f1-score": 0.7390180878552971,
                "support": 195
            },
            "accuracy": 0.7818574514038877,
            "macro avg": {
                "precision": 0.7764548739237392,
                "recall": 0.7752487562189054,
                "f1-score": 0.7758170216641977,
                "support": 463
            },
            "weighted avg": {
                "precision": 0.7814471290636232,
                "recall": 0.7818574514038877,
                "f1-score": 0.7816190133878473,
                "support": 463
            }
        },
        {
            "0": {
                "precision": 0.7864406779661017,
                "recall": 0.8656716417910447,
                "f1-score": 0.8241563055062167,
                "support": 268
            },
            "1": {
                "precision": 0.7857142857142857,
                "recall": 0.676923076923077,
                "f1-score": 0.7272727272727272,
                "support": 195
            },
            "accuracy": 0.7861771058315334,
            "macro avg": {
                "precision": 0.7860774818401937,
                "recall": 0.7712973593570609,
                "f1-score": 0.7757145163894719,
                "support": 463
            },
            "weighted avg": {
                "precision": 0.7861347460241922,
                "recall": 0.7861771058315334,
                "f1-score": 0.7833522066821769,
                "support": 463
            }
        },
        {
            "0": {
                "precision": 0.7759197324414716,
                "recall": 0.8656716417910447,
                "f1-score": 0.818342151675485,
                "support": 268
            },
            "1": {
                "precision": 0.7804878048780488,
                "recall": 0.6564102564102564,
                "f1-score": 0.7130919220055709,
                "support": 195
            },
            "accuracy": 0.7775377969762419,
            "macro avg": {
                "precision": 0.7782037686597603,
                "recall": 0.7610409491006506,
                "f1-score": 0.7657170368405279,
                "support": 463
            },
            "weighted avg": {
                "precision": 0.7778436506383022,
                "recall": 0.7775377969762419,
                "f1-score": 0.7740143011665578,
                "support": 463
            }
        },
        {
            "0": {
                "precision": 0.7658862876254181,
                "recall": 0.8544776119402985,
                "f1-score": 0.8077601410934745,
                "support": 268
            },
            "1": {
                "precision": 0.7621951219512195,
                "recall": 0.6410256410256411,
                "f1-score": 0.6963788300835655,
                "support": 195
            },
            "accuracy": 0.7645788336933045,
            "macro avg": {
                "precision": 0.7640407047883189,
                "recall": 0.7477516264829698,
                "f1-score": 0.7520694855885199,
                "support": 463
            },
            "weighted avg": {
                "precision": 0.7643316930110148,
                "recall": 0.7645788336933045,
                "f1-score": 0.7608500857005321,
                "support": 463
            }
        }
    ],