{
    "reports": [
        {
            "0": {
                "precision": 0.875,
                "recall": 0.8162544169611308,
                "f1-score": 0.8446069469835465,
                "support": 283
            },
            "1": {
                "precision": 0.6556291390728477,
                "recall": 0.75,
                "f1-score": 0.6996466431095406,
                "support": 132
            },
            "accuracy": 0.7951807228915663,
            "macro avg": {
                "precision": 0.7653145695364238,
                "recall": 0.7831272084805654,
                "f1-score": 0.7721267950465436,
                "support": 415
            },
            "weighted avg": {
                "precision": 0.8052242080906407,
                "recall": 0.7951807228915663,
                "f1-score": 0.7984990912935013,
                "support": 415
            }
        },
        {
            "0": {
                "precision": 0.8367346938775511,
                "recall": 0.8692579505300353,
                "f1-score": 0.8526863084922011,
                "support": 283
            },
            "1": {
                "precision": 0.6942148760330579,
                "recall": 0.6363636363636364,
                "f1-score": 0.6640316205533597,
                "support": 132
            },
            "accuracy": 0.7951807228915663,
            "macro avg": {
                "precision": 0.7654747849553045,
                "recall": 0.7528107934468358,
                "f1-score": 0.7583589645227804,
                "support": 415
            },
            "weighted avg": {
                "precision": 0.7914030891655678,
                "recall": 0.7951807228915663,
                "f1-score": 0.7926804800393648,
                "support": 415
            }
        },
        {
            "0": {
                "precision": 0.8164556962025317,
                "recall": 0.911660777385159,
                "f1-score": 0.8614357262103506,
                "support": 283
            },
            "1": {
                "precision": 0.7474747474747475,
                "recall": 0.5606060606060606,
                "f1-score": 0.6406926406926408,
                "support": 132
            },
            "accuracy": 0.8,
            "macro avg": {
                "precision": 0.7819652218386396,
                "recall": 0.7361334189956098,
                "f1-score": 0.7510641834514957,
                "support": 415
            },
            "weighted avg": {
                "precision": 0.7945147679324895,
                "recall": 0.8,
                "f1-score": 0.7912234676842357,
                "support": 415
            }
        },
        {
            "0": {
                "precision": 0.8327645051194539,
                "recall": 0.8621908127208481,
                "f1-score": 0.8472222222222222,
                "support": 283
            },
            "1": {
                "precision": 0.680327868852459,
                "recall": 0.6287878787878788,
                "f1-score": 0.653543307086614,
                "support": 132
            },
            "accuracy": 0.7879518072289157,
            "macro avg": {
                "precision": 0.7565461869859564,
                "recall": 0.7454893457543634,
                "f1-score": 0.7503827646544181,
                "support": 415
            },
            "weighted avg": {
                "precision": 0.7842786352706748,
                "recall": 0.7879518072289157,
                "f1-score": 0.7856183263236672,
                "support": 415
            }
        },
        {
            "0": {
                "precision": 0.8638132295719845,
                "recall": 0.784452296819788,
                "f1-score": 0.8222222222222222,
                "support": 283
            },
            "1": {
                "precision": 0.6139240506329114,
                "recall": 0.7348484848484849,
                "f1-score": 0.6689655172413793,
                "support": 132
            },
            "accuracy": 0.7686746987951807,
            "macro avg": {
                "precision": 0.738868640102448,
                "recall": 0.7596503908341364,
                "f1-score": 0.7455938697318008,
                "support": 415
            },
            "weighted avg": {
                "precision": 0.7843304063913636,
                "recall": 0.7686746987951807,
                "f1-score": 0.7734755112403637,
                "support": 415
            }
        },
        {
            "0": {
                "precision": 0.8169934640522876,
                "recall": 0.8833922261484098,
                "f1-score": 0.8488964346349746,
                "support": 283
            },
            "1": {
                "precision": 0.6972477064220184,
                "recall": 0.5757575757575758,
                "f1-score": 0.6307053941908713,
                "support": 132
            },
            "accuracy": 0.7855421686746988,
            "macro avg": {
                "precision": 0.757120585237153,
                "recall": 0.7295749009529928,
                "f1-score": 0.739800914412923,
                "support": 415
            },
            "weighted avg": {
                "precision": 0.7789056568060333,
                "recall": 0.7855421686746988,
                "f1-score": 0.7794959109274526,
                "support": 415
            }
        },
        {
            "0": {
                "precision": 0.8167202572347267,
                "recall": 0.8975265017667845,
                "f1-score": 0.8552188552188553,
                "support": 283
            },
            "1": {
                "precision": 0.7211538461538461,
                "recall": 0.5681818181818182,
                "f1-score": 0.6355932203389831,
                "support": 132
            },
            "accuracy": 0.7927710843373494,
            "macro avg": {
                "precision": 0.7689370516942864,
                "recall": 0.7328541599743014,
                "f1-score": 0.7454060377789192,
                "support": 415
            },
            "weighted avg": {
                "precision": 0.7863232300957479,
                "recall": 0.7927710843373494,
                "f1-score": 0.7853620267751369,
                "support": 415
            }
        },
        {
            "0": {
                "precision": 0.797427652733119,
                "recall": 0.8763250883392226,
                "f1-score": 0.8350168350168351,
                "support": 283
            },
            "1": {
                "precision": 0.6634615384615384,
                "recall": 0.5227272727272727,
                "f1-score": 0.5847457627118643,
                "support": 132
            },
            "accuracy": 0.763855421686747,
            "macro avg": {
                "precision": 0.7304445955973287,
                "recall": 0.6995261805332477,
                "f1-score": 0.7098812988643497,
                "support": 415
            },
            "weighted avg": {
                "precision": 0.7548167440973391,
                "recall": 0.763855421686747,
                "f1-score": 0.7554125421391095,
                "support": 415
            }
        }
    ],