{
    "reports": [
        {
            "0": {
                "precision": 0.875,
                "recall": 0.8162544169611308,
                "f1-score": 0.8446069469835465,
                "support": 283
            },
            "1": {
                "precision": 0.6556291390728477,
                "recall": 0.75,
                "f1-score": 0.6996466431095406,
                "support": 132
            },
            "accuracy": 0.7951807228915663,
            "macro avg": {
                "precision": 0.7653145695364238,
                "recall": 0.7831272084805654,
                "f1-score": 0.7721267950465436,
                "support": 415
            },
            "weighted avg": {
                "precision": 0.8052242080906407,
                "recall": 0.7951807228915663,
                "f1-score": 0.7984990912935013,
                "support": 415
            }
        },
        {
            "0": {
                "precision": 0.8367346938775511,
                "recall": 0.8692579505300353,
                "f1-score": 0.8526863084922011,
                "support": 283
            },
            "1": {
                "precision": 0.6942148760330579,
                "recall": 0.6363636363636364,
                "f1-score": 0.6640316205533597,
                "support": 132
            },
            "accuracy": 0.7951807228915663,
            "macro avg": {
                "precision": 0.7654747849553045,
                "recall": 0.7528107934468358,
                "f1-score": 0.7583589645227804,
                "support": 415
            },
            "weighted avg": {
                "precision": 0.7914030891655678,
                "recall": 0.7951807228915663,
                "f1-score": 0.7926804800393648,
                "support": 415
            }
        },
        {
            "0": {
                "precision": 0.8164556962025317,
                "recall": 0.911660777385159,
                "f1-score": 0.8614357262103506,
                "support": 283
            },
            "1": {
                "precision": 0.7474747474747475,
                "recall": 0.5606060606060606,
                "f1-score": 0.6406926406926408,
                "support": 132
            },
            "accuracy": 0.8,
            "macro avg": {
                "precision": 0.7819652218386396,
                "recall": 0.7361334189956098,
                "f1-score": 0.7510641834514957,
                "support": 415
            },
            "weighted avg": {
                "precision": 0.7945147679324895,
                "recall": 0.8,
                "f1-score": 0.7912234676842357,
                "support": 415
            }
        },
        {
            "0": {
                "precision": 0.8327645051194539,
                "recall": 0.8621908127208481,
                "f1-score": 0.8472222222222222,
                "support": 283
            },
            "1": {
                "precision": 0.680327868852459,
                "recall": 0.6287878787878788,
                "f1-score": 0.653543307086614,
                "support": 132
            },
            "accuracy": 0.7879518072289157,
            "macro avg": {
                "precision": 0.7565461869859564,
                "recall": 0.7454893457543634,
                "f1-score": 0.7503827646544181,
                "support": 415
            },
            "weighted avg": {
                "precision": 0.7842786352706748,
                "recall": 0.7879518072289157,
                "f1-score": 0.7856183263236672,
                "support": 415
            }
        },
        {
            "0": {
                "precision": 0.8550185873605948,
                "recall": 0.8127208480565371,
                "f1-score": 0.8333333333333334,
                "support": 283
            },
            "1": {
                "precision": 0.636986301369863,
                "recall": 0.7045454545454546,
                "f1-score": 0.6690647482014388,
                "support": 132
            },
            "accuracy": 0.7783132530120482,
            "macro avg": {
                "precision": 0.7460024443652289,
                "recall": 0.7586331513009958,
                "f1-score": 0.7511990407673861,
                "support": 415
            },
            "weighted avg": {
                "precision": 0.7856685590454705,
                "recall": 0.7783132530120482,
                "f1-score": 0.7810840484239114,
                "support": 415
            }
        },
        {
            "0": {
                "precision": 0.8187702265372169,
                "recall": 0.8939929328621908,
                "f1-score": 0.8547297297297298,
                "support": 283
            },
            "1": {
                "precision": 0.7169811320754716,
                "recall": 0.5757575757575758,
                "f1-score": 0.6386554621848739,
                "support": 132
            },
            "accuracy": 0.7927710843373494,
            "macro avg": {
                "precision": 0.7678756793063443,
                "recall": 0.7348752543098833,
                "f1-score": 0.7466925959573019,
                "support": 415
            },
            "weighted avg": {
                "precision": 0.7863939362505895,
                "recall": 0.7927710843373494,
                "f1-score": 0.7860024928238961,
                "support": 415
            }
        },
        {
            "0": {
                "precision": 0.8115015974440895,
                "recall": 0.8975265017667845,
                "f1-score": 0.8523489932885906,
                "support": 283
            },
            "1": {
                "precision": 0.7156862745098039,
                "recall": 0.553030303030303,
                "f1-score": 0.623931623931624,
                "support": 132
            },
            "accuracy": 0.7879518072289157,
            "macro avg": {
                "precision": 0.7635939359769467,
                "recall": 0.7252784023985437,
                "f1-score": 0.7381403086101073,
                "support": 415
            },
            "weighted avg": {
                "precision": 0.7810253983420999,
                "recall": 0.7879518072289157,
                "f1-score": 0.7796957577340856,
                "support": 415
            }
        },
        {
            "0": {
                "precision": 0.7767584097859327,
                "recall": 0.8975265017667845,
                "f1-score": 0.8327868852459016,
                "support": 283
            },
            "1": {
                "precision": 0.6704545454545454,
                "recall": 0.44696969696969696,
                "f1-score": 0.5363636363636364,
                "support": 132
            },
            "accuracy": 0.7542168674698795,
            "macro avg": {
                "precision": 0.7236064776202391,
                "recall": 0.6722480993682407,
                "f1-score": 0.684575260804769,
                "support": 415
            },
            "weighted avg": {
                "precision": 0.7429460963118528,
                "recall": 0.7542168674698795,
                "f1-score": 0.7385028639146751,
                "support": 415
            }
        }
    ],