{
    "reports": [
        {
            "0": {
                "precision": 0.8022388059701493,
                "recall": 0.8022388059701493,
                "f1-score": 0.8022388059701493,
                "support": 268
            },
            "1": {
                "precision": 0.7282051282051282,
                "recall": 0.7282051282051282,
                "f1-score": 0.7282051282051283,
                "support": 195
            },
            "accuracy": 0.7710583153347732,
            "macro avg": {
                "precision": 0.7652219670876388,
                "recall": 0.7652219670876388,
                "f1-score": 0.7652219670876388,
                "support": 463
            },
            "weighted avg": {
                "precision": 0.7710583153347732,
                "recall": 0.7710583153347732,
                "f1-score": 0.7710583153347732,
                "support": 463
            }
        },
        {
            "0": {
                "precision": 0.7857142857142857,
                "recall": 0.8619402985074627,
                "f1-score": 0.8220640569395017,
                "support": 268
            },
            "1": {
                "precision": 0.7810650887573964,
                "recall": 0.676923076923077,
                "f1-score": 0.7252747252747253,
                "support": 195
            },
            "accuracy": 0.7840172786177105,
            "macro avg": {
                "precision": 0.783389687235841,
                "recall": 0.7694316877152698,
                "f1-score": 0.7736693911071135,
                "support": 463
            },
            "weighted avg": {
                "precision": 0.7837562006028528,
                "recall": 0.7840172786177105,
                "f1-score": 0.7812996515947254,
                "support": 463
            }
        },
        {
            "0": {
                "precision": 0.7912457912457912,
                "recall": 0.8768656716417911,
                "f1-score": 0.8318584070796461,
                "support": 268
            },
            "1": {
                "precision": 0.8012048192771084,
                "recall": 0.6820512820512821,
                "f1-score": 0.7368421052631579,
                "support": 195
            },
            "accuracy": 0.7948164146868251,
            "macro avg": {
                "precision": 0.7962253052614499,
                "recall": 0.7794584768465366,
                "f1-score": 0.784350256171402,
                "support": 463
            },
            "weighted avg": {
                "precision": 0.7954401983000177,
                "recall": 0.7948164146868251,
                "f1-score": 0.7918407421677343,
                "support": 463
            }
        },
        {
            "0": {
                "precision": 0.77,
                "recall": 0.8619402985074627,
                "f1-score": 0.8133802816901409,
                "support": 268
            },
            "1": {
                "precision": 0.7730061349693251,
                "recall": 0.6461538461538462,
                "f1-score": 0.7039106145251397,
                "support": 195
            },
            "accuracy": 0.7710583153347732,
            "macro avg": {
                "precision": 0.7715030674846626,
                "recall": 0.7540470723306545,
                "f1-score": 0.7586454481076403,
                "support": 463
            },
            "weighted avg": {
                "precision": 0.7712660827624588,
                "recall": 0.7710583153347732,
                "f1-score": 0.7672753462750755,
                "support": 463
            }
        },
        {
            "0": {
                "precision": 0.8098859315589354,
                "recall": 0.7947761194029851,
                "f1-score": 0.8022598870056498,
                "support": 268
            },
            "1": {
                "precision": 0.725,
                "recall": 0.7435897435897436,
                "f1-score": 0.7341772151898733,
                "support": 195
            },
            "accuracy": 0.7732181425485961,
            "macro avg": {
                "precision": 0.7674429657794677,
                "recall": 0.7691829314963643,
                "f1-score": 0.7682185510977615,
                "support": 463
            },
            "weighted avg": {
                "precision": 0.7741348372738546,
                "recall": 0.7732181425485961,
                "f1-score": 0.7735857595670398,
                "support": 463
            }
        },
        {
            "0": {
                "precision": 0.7443365695792881,
                "recall": 0.8582089552238806,
                "f1-score": 0.7972270363951475,
                "support": 268
            },
            "1": {
                "precision": 0.7532467532467533,
                "recall": 0.5948717948717949,
                "f1-score": 0.6647564469914039,
                "support": 195
            },
            "accuracy": 0.7473002159827213,
            "macro avg": {
                "precision": 0.7487916614130207,
                "recall": 0.7265403750478377,
                "f1-score": 0.7309917416932756,
                "support": 463
            },
            "weighted avg": {
                "precision": 0.7480892387264927,
                "recall": 0.7473002159827213,
                "f1-score": 0.7414348875102015,
                "support": 463
            }
        },
        {
            "0": {
                "precision": 0.7549668874172185,
                "recall": 0.8507462686567164,
                "f1-score": 0.8,
                "support": 268
            },
            "1": {
                "precision": 0.7515527950310559,
                "recall": 0.6205128205128205,
                "f1-score": 0.6797752808988764,
                "support": 195
            },
            "accuracy": 0.7537796976241901,
            "macro avg": {
                "precision": 0.7532598412241371,
                "recall": 0.7356295445847685,
                "f1-score": 0.7398876404494382,
                "support": 463
            },
            "weighted avg": {
                "precision": 0.7535289867362213,
                "recall": 0.7537796976241901,
                "f1-score": 0.7493653990826802,
                "support": 463
            }
        },
        {
            "0": {
                "precision": 0.7225806451612903,
                "recall": 0.835820895522388,
                "f1-score": 0.7750865051903114,
                "support": 268
            },
            "1": {
                "precision": 0.7124183006535948,
                "recall": 0.558974358974359,
                "f1-score": 0.6264367816091955,
                "support": 195
            },
            "accuracy": 0.7192224622030238,
            "macro avg": {
                "precision": 0.7174994729074425,
                "recall": 0.6973976272483735,
                "f1-score": 0.7007616433997534,
                "support": 463
            },
            "weighted avg": {
                "precision": 0.7183006080576172,
                "recall": 0.7192224622030238,
                "f1-score": 0.7124802501183511,
                "support": 463
            }
        }
    ],