{
    "reports": [
        {
            "0": {
                "precision": 0.8022388059701493,
                "recall": 0.8022388059701493,
                "f1-score": 0.8022388059701493,
                "support": 268
            },
            "1": {
                "precision": 0.7282051282051282,
                "recall": 0.7282051282051282,
                "f1-score": 0.7282051282051283,
                "support": 195
            },
            "accuracy": 0.7710583153347732,
            "macro avg": {
                "precision": 0.7652219670876388,
                "recall": 0.7652219670876388,
                "f1-score": 0.7652219670876388,
                "support": 463
            },
            "weighted avg": {
                "precision": 0.7710583153347732,
                "recall": 0.7710583153347732,
                "f1-score": 0.7710583153347732,
                "support": 463
            }
        },
        {
            "0": {
                "precision": 0.7857142857142857,
                "recall": 0.8619402985074627,
                "f1-score": 0.8220640569395017,
                "support": 268
            },
            "1": {
                "precision": 0.7810650887573964,
                "recall": 0.676923076923077,
                "f1-score": 0.7252747252747253,
                "support": 195
            },
            "accuracy": 0.7840172786177105,
            "macro avg": {
                "precision": 0.783389687235841,
                "recall": 0.7694316877152698,
                "f1-score": 0.7736693911071135,
                "support": 463
            },
            "weighted avg": {
                "precision": 0.7837562006028528,
                "recall": 0.7840172786177105,
                "f1-score": 0.7812996515947254,
                "support": 463
            }
        },
        {
            "0": {
                "precision": 0.7912457912457912,
                "recall": 0.8768656716417911,
                "f1-score": 0.8318584070796461,
                "support": 268
            },
            "1": {
                "precision": 0.8012048192771084,
                "recall": 0.6820512820512821,
                "f1-score": 0.7368421052631579,
                "support": 195
            },
            "accuracy": 0.7948164146868251,
            "macro avg": {
                "precision": 0.7962253052614499,
                "recall": 0.7794584768465366,
                "f1-score": 0.784350256171402,
                "support": 463
            },
            "weighted avg": {
                "precision": 0.7954401983000177,
                "recall": 0.7948164146868251,
                "f1-score": 0.7918407421677343,
                "support": 463
            }
        },
        {
            "0": {
                "precision": 0.77,
                "recall": 0.8619402985074627,
                "f1-score": 0.8133802816901409,
                "support": 268
            },
            "1": {
                "precision": 0.7730061349693251,
                "recall": 0.6461538461538462,
                "f1-score": 0.7039106145251397,
                "support": 195
            },
            "accuracy": 0.7710583153347732,
            "macro avg": {
                "precision": 0.7715030674846626,
                "recall": 0.7540470723306545,
                "f1-score": 0.7586454481076403,
                "support": 463
            },
            "weighted avg": {
                "precision": 0.7712660827624588,
                "recall": 0.7710583153347732,
                "f1-score": 0.7672753462750755,
                "support": 463
            }
        },
        {
            "0": {
                "precision": 0.7955390334572491,
                "recall": 0.7985074626865671,
                "f1-score": 0.7970204841713221,
                "support": 268
            },
            "1": {
                "precision": 0.7216494845360825,
                "recall": 0.717948717948718,
                "f1-score": 0.7197943444730078,
                "support": 195
            },
            "accuracy": 0.7645788336933045,
            "macro avg": {
                "precision": 0.7585942589966658,
                "recall": 0.7582280903176426,
                "f1-score": 0.758407414322165,
                "support": 463
            },
            "weighted avg": {
                "precision": 0.7644192450347274,
                "recall": 0.7645788336933045,
                "f1-score": 0.7644954361342351,
                "support": 463
            }
        },
        {
            "0": {
                "precision": 0.7751677852348994,
                "recall": 0.8619402985074627,
                "f1-score": 0.8162544169611309,
                "support": 268
            },
            "1": {
                "precision": 0.7757575757575758,
                "recall": 0.6564102564102564,
                "f1-score": 0.7111111111111111,
                "support": 195
            },
            "accuracy": 0.775377969762419,
            "macro avg": {
                "precision": 0.7754626804962376,
                "recall": 0.7591752774588596,
                "f1-score": 0.763682764036121,
                "support": 463
            },
            "weighted avg": {
                "precision": 0.775416185131059,
                "recall": 0.775377969762419,
                "f1-score": 0.7719715991625266,
                "support": 463
            }
        },
        {
            "0": {
                "precision": 0.78,
                "recall": 0.8731343283582089,
                "f1-score": 0.823943661971831,
                "support": 268
            },
            "1": {
                "precision": 0.7914110429447853,
                "recall": 0.6615384615384615,
                "f1-score": 0.7206703910614525,
                "support": 195
            },
            "accuracy": 0.7840172786177105,
            "macro avg": {
                "precision": 0.7857055214723927,
                "recall": 0.7673363949483352,
                "f1-score": 0.7723070265166417,
                "support": 463
            },
            "weighted avg": {
                "precision": 0.7848059468125986,
                "recall": 0.7840172786177105,
                "f1-score": 0.7804484398821467,
                "support": 463
            }
        },
        {
            "0": {
                "precision": 0.7210031347962382,
                "recall": 0.8582089552238806,
                "f1-score": 0.7836456558773424,
                "support": 268
            },
            "1": {
                "precision": 0.7361111111111112,
                "recall": 0.5435897435897435,
                "f1-score": 0.6253687315634219,
                "support": 195
            },
            "accuracy": 0.7257019438444925,
            "macro avg": {
                "precision": 0.7285571229536747,
                "recall": 0.7008993494068121,
                "f1-score": 0.7045071937203822,
                "support": 463
            },
            "weighted avg": {
                "precision": 0.7273661053824159,
                "recall": 0.7257019438444925,
                "f1-score": 0.716984748228931,
                "support": 463
            }
        }
    ],