{
    "reports": [
        {
            "0": {
                "precision": 0.8022388059701493,
                "recall": 0.8022388059701493,
                "f1-score": 0.8022388059701493,
                "support": 268
            },
            "1": {
                "precision": 0.7282051282051282,
                "recall": 0.7282051282051282,
                "f1-score": 0.7282051282051283,
                "support": 195
            },
            "accuracy": 0.7710583153347732,
            "macro avg": {
                "precision": 0.7652219670876388,
                "recall": 0.7652219670876388,
                "f1-score": 0.7652219670876388,
                "support": 463
            },
            "weighted avg": {
                "precision": 0.7710583153347732,
                "recall": 0.7710583153347732,
                "f1-score": 0.7710583153347732,
                "support": 463
            }
        },
        {
            "0": {
                "precision": 0.7857142857142857,
                "recall": 0.8619402985074627,
                "f1-score": 0.8220640569395017,
                "support": 268
            },
            "1": {
                "precision": 0.7810650887573964,
                "recall": 0.676923076923077,
                "f1-score": 0.7252747252747253,
                "support": 195
            },
            "accuracy": 0.7840172786177105,
            "macro avg": {
                "precision": 0.783389687235841,
                "recall": 0.7694316877152698,
                "f1-score": 0.7736693911071135,
                "support": 463
            },
            "weighted avg": {
                "precision": 0.7837562006028528,
                "recall": 0.7840172786177105,
                "f1-score": 0.7812996515947254,
                "support": 463
            }
        },
        {
            "0": {
                "precision": 0.7912457912457912,
                "recall": 0.8768656716417911,
                "f1-score": 0.8318584070796461,
                "support": 268
            },
            "1": {
                "precision": 0.8012048192771084,
                "recall": 0.6820512820512821,
                "f1-score": 0.7368421052631579,
                "support": 195
            },
            "accuracy": 0.7948164146868251,
            "macro avg": {
                "precision": 0.7962253052614499,
                "recall": 0.7794584768465366,
                "f1-score": 0.784350256171402,
                "support": 463
            },
            "weighted avg": {
                "precision": 0.7954401983000177,
                "recall": 0.7948164146868251,
                "f1-score": 0.7918407421677343,
                "support": 463
            }
        },
        {
            "0": {
                "precision": 0.77,
                "recall": 0.8619402985074627,
                "f1-score": 0.8133802816901409,
                "support": 268
            },
            "1": {
                "precision": 0.7730061349693251,
                "recall": 0.6461538461538462,
                "f1-score": 0.7039106145251397,
                "support": 195
            },
            "accuracy": 0.7710583153347732,
            "macro avg": {
                "precision": 0.7715030674846626,
                "recall": 0.7540470723306545,
                "f1-score": 0.7586454481076403,
                "support": 463
            },
            "weighted avg": {
                "precision": 0.7712660827624588,
                "recall": 0.7710583153347732,
                "f1-score": 0.7672753462750755,
                "support": 463
            }
        },
        {
            "0": {
                "precision": 0.8095238095238095,
                "recall": 0.8246268656716418,
                "f1-score": 0.8170055452865065,
                "support": 268
            },
            "1": {
                "precision": 0.7526315789473684,
                "recall": 0.7333333333333333,
                "f1-score": 0.7428571428571429,
                "support": 195
            },
            "accuracy": 0.7861771058315334,
            "macro avg": {
                "precision": 0.781077694235589,
                "recall": 0.7789800995024876,
                "f1-score": 0.7799313440718247,
                "support": 463
            },
            "weighted avg": {
                "precision": 0.7855627188922631,
                "recall": 0.7861771058315334,
                "f1-score": 0.7857767364879624,
                "support": 463
            }
        },
        {
            "0": {
                "precision": 0.7712418300653595,
                "recall": 0.8805970149253731,
                "f1-score": 0.8222996515679443,
                "support": 268
            },
            "1": {
                "precision": 0.7961783439490446,
                "recall": 0.6410256410256411,
                "f1-score": 0.7102272727272729,
                "support": 195
            },
            "accuracy": 0.7796976241900648,
            "macro avg": {
                "precision": 0.783710087007202,
                "recall": 0.7608113279755071,
                "f1-score": 0.7662634621476085,
                "support": 463
            },
            "weighted avg": {
                "precision": 0.7817442495196113,
                "recall": 0.7796976241900648,
                "f1-score": 0.7750985416890437,
                "support": 463
            }
        },
        {
            "0": {
                "precision": 0.780327868852459,
                "recall": 0.8880597014925373,
                "f1-score": 0.830715532286213,
                "support": 268
            },
            "1": {
                "precision": 0.810126582278481,
                "recall": 0.6564102564102564,
                "f1-score": 0.725212464589235,
                "support": 195
            },
            "accuracy": 0.7904967602591793,
            "macro avg": {
                "precision": 0.79522722556547,
                "recall": 0.7722349789513969,
                "f1-score": 0.777963998437724,
                "support": 463
            },
            "weighted avg": {
                "precision": 0.7928780829303732,
                "recall": 0.7904967602591793,
                "f1-score": 0.7862811949192352,
                "support": 463
            }
        },
        {
            "0": {
                "precision": 0.7647058823529411,
                "recall": 0.8731343283582089,
                "f1-score": 0.8153310104529616,
                "support": 268
            },
            "1": {
                "precision": 0.7834394904458599,
                "recall": 0.6307692307692307,
                "f1-score": 0.6988636363636364,
                "support": 195
            },
            "accuracy": 0.7710583153347732,
            "macro avg": {
                "precision": 0.7740726863994005,
                "recall": 0.7519517795637198,
                "f1-score": 0.7570973234082989,
                "support": 463
            },
            "weighted avg": {
                "precision": 0.772595846884516,
                "recall": 0.7710583153347732,
                "f1-score": 0.7662788766572415,
                "support": 463
            }
        }
    ],