{
    "reports": [
        {
            "0": {
                "precision": 0.8022388059701493,
                "recall": 0.8022388059701493,
                "f1-score": 0.8022388059701493,
                "support": 268
            },
            "1": {
                "precision": 0.7282051282051282,
                "recall": 0.7282051282051282,
                "f1-score": 0.7282051282051283,
                "support": 195
            },
            "accuracy": 0.7710583153347732,
            "macro avg": {
                "precision": 0.7652219670876388,
                "recall": 0.7652219670876388,
                "f1-score": 0.7652219670876388,
                "support": 463
            },
            "weighted avg": {
                "precision": 0.7710583153347732,
                "recall": 0.7710583153347732,
                "f1-score": 0.7710583153347732,
                "support": 463
            }
        },
        {
            "0": {
                "precision": 0.7857142857142857,
                "recall": 0.8619402985074627,
                "f1-score": 0.8220640569395017,
                "support": 268
            },
            "1": {
                "precision": 0.7810650887573964,
                "recall": 0.676923076923077,
                "f1-score": 0.7252747252747253,
                "support": 195
            },
            "accuracy": 0.7840172786177105,
            "macro avg": {
                "precision": 0.783389687235841,
                "recall": 0.7694316877152698,
                "f1-score": 0.7736693911071135,
                "support": 463
            },
            "weighted avg": {
                "precision": 0.7837562006028528,
                "recall": 0.7840172786177105,
                "f1-score": 0.7812996515947254,
                "support": 463
            }
        },
        {
            "0": {
                "precision": 0.7912457912457912,
                "recall": 0.8768656716417911,
                "f1-score": 0.8318584070796461,
                "support": 268
            },
            "1": {
                "precision": 0.8012048192771084,
                "recall": 0.6820512820512821,
                "f1-score": 0.7368421052631579,
                "support": 195
            },
            "accuracy": 0.7948164146868251,
            "macro avg": {
                "precision": 0.7962253052614499,
                "recall": 0.7794584768465366,
                "f1-score": 0.784350256171402,
                "support": 463
            },
            "weighted avg": {
                "precision": 0.7954401983000177,
                "recall": 0.7948164146868251,
                "f1-score": 0.7918407421677343,
                "support": 463
            }
        },
        {
            "0": {
                "precision": 0.77,
                "recall": 0.8619402985074627,
                "f1-score": 0.8133802816901409,
                "support": 268
            },
            "1": {
                "precision": 0.7730061349693251,
                "recall": 0.6461538461538462,
                "f1-score": 0.7039106145251397,
                "support": 195
            },
            "accuracy": 0.7710583153347732,
            "macro avg": {
                "precision": 0.7715030674846626,
                "recall": 0.7540470723306545,
                "f1-score": 0.7586454481076403,
                "support": 463
            },
            "weighted avg": {
                "precision": 0.7712660827624588,
                "recall": 0.7710583153347732,
                "f1-score": 0.7672753462750755,
                "support": 463
            }
        },
        {
            "0": {
                "precision": 0.8052434456928839,
                "recall": 0.8022388059701493,
                "f1-score": 0.8037383177570093,
                "support": 268
            },
            "1": {
                "precision": 0.7295918367346939,
                "recall": 0.7333333333333333,
                "f1-score": 0.731457800511509,
                "support": 195
            },
            "accuracy": 0.7732181425485961,
            "macro avg": {
                "precision": 0.7674176412137889,
                "recall": 0.7677860696517413,
                "f1-score": 0.7675980591342592,
                "support": 463
            },
            "weighted avg": {
                "precision": 0.7733815369523935,
                "recall": 0.7732181425485961,
                "f1-score": 0.773296199262684,
                "support": 463
            }
        },
        {
            "0": {
                "precision": 0.7864406779661017,
                "recall": 0.8656716417910447,
                "f1-score": 0.8241563055062167,
                "support": 268
            },
            "1": {
                "precision": 0.7857142857142857,
                "recall": 0.676923076923077,
                "f1-score": 0.7272727272727272,
                "support": 195
            },
            "accuracy": 0.7861771058315334,
            "macro avg": {
                "precision": 0.7860774818401937,
                "recall": 0.7712973593570609,
                "f1-score": 0.7757145163894719,
                "support": 463
            },
            "weighted avg": {
                "precision": 0.7861347460241922,
                "recall": 0.7861771058315334,
                "f1-score": 0.7833522066821769,
                "support": 463
            }
        },
        {
            "0": {
                "precision": 0.7837837837837838,
                "recall": 0.8656716417910447,
                "f1-score": 0.8226950354609929,
                "support": 268
            },
            "1": {
                "precision": 0.7844311377245509,
                "recall": 0.6717948717948717,
                "f1-score": 0.723756906077348,
                "support": 195
            },
            "accuracy": 0.7840172786177105,
            "macro avg": {
                "precision": 0.7841074607541674,
                "recall": 0.7687332567929582,
                "f1-score": 0.7732259707691704,
                "support": 463
            },
            "weighted avg": {
                "precision": 0.7840564274521414,
                "recall": 0.7840172786177105,
                "f1-score": 0.7810256289171252,
                "support": 463
            }
        },
        {
            "0": {
                "precision": 0.76,
                "recall": 0.8507462686567164,
                "f1-score": 0.8028169014084507,
                "support": 268
            },
            "1": {
                "precision": 0.754601226993865,
                "recall": 0.6307692307692307,
                "f1-score": 0.6871508379888267,
                "support": 195
            },
            "accuracy": 0.7580993520518359,
            "macro avg": {
                "precision": 0.7573006134969325,
                "recall": 0.7407577497129736,
                "f1-score": 0.7449838696986387,
                "support": 463
            },
            "weighted avg": {
                "precision": 0.7577262187123189,
                "recall": 0.7580993520518359,
                "f1-score": 0.7541022526680043,
                "support": 463
            }
        }
    ],