{
    "reports": [
        {
            "0": {
                "precision": 0.875,
                "recall": 0.8162544169611308,
                "f1-score": 0.8446069469835465,
                "support": 283
            },
            "1": {
                "precision": 0.6556291390728477,
                "recall": 0.75,
                "f1-score": 0.6996466431095406,
                "support": 132
            },
            "accuracy": 0.7951807228915663,
            "macro avg": {
                "precision": 0.7653145695364238,
                "recall": 0.7831272084805654,
                "f1-score": 0.7721267950465436,
                "support": 415
            },
            "weighted avg": {
                "precision": 0.8052242080906407,
                "recall": 0.7951807228915663,
                "f1-score": 0.7984990912935013,
                "support": 415
            }
        },
        {
            "0": {
                "precision": 0.8367346938775511,
                "recall": 0.8692579505300353,
                "f1-score": 0.8526863084922011,
                "support": 283
            },
            "1": {
                "precision": 0.6942148760330579,
                "recall": 0.6363636363636364,
                "f1-score": 0.6640316205533597,
                "support": 132
            },
            "accuracy": 0.7951807228915663,
            "macro avg": {
                "precision": 0.7654747849553045,
                "recall": 0.7528107934468358,
                "f1-score": 0.7583589645227804,
                "support": 415
            },
            "weighted avg": {
                "precision": 0.7914030891655678,
                "recall": 0.7951807228915663,
                "f1-score": 0.7926804800393648,
                "support": 415
            }
        },
        {
            "0": {
                "precision": 0.8164556962025317,
                "recall": 0.911660777385159,
                "f1-score": 0.8614357262103506,
                "support": 283
            },
            "1": {
                "precision": 0.7474747474747475,
                "recall": 0.5606060606060606,
                "f1-score": 0.6406926406926408,
                "support": 132
            },
            "accuracy": 0.8,
            "macro avg": {
                "precision": 0.7819652218386396,
                "recall": 0.7361334189956098,
                "f1-score": 0.7510641834514957,
                "support": 415
            },
            "weighted avg": {
                "precision": 0.7945147679324895,
                "recall": 0.8,
                "f1-score": 0.7912234676842357,
                "support": 415
            }
        },
        {
            "0": {
                "precision": 0.8327645051194539,
                "recall": 0.8621908127208481,
                "f1-score": 0.8472222222222222,
                "support": 283
            },
            "1": {
                "precision": 0.680327868852459,
                "recall": 0.6287878787878788,
                "f1-score": 0.653543307086614,
                "support": 132
            },
            "accuracy": 0.7879518072289157,
            "macro avg": {
                "precision": 0.7565461869859564,
                "recall": 0.7454893457543634,
                "f1-score": 0.7503827646544181,
                "support": 415
            },
            "weighted avg": {
                "precision": 0.7842786352706748,
                "recall": 0.7879518072289157,
                "f1-score": 0.7856183263236672,
                "support": 415
            }
        },
        {
            "0": {
                "precision": 0.8712121212121212,
                "recall": 0.8127208480565371,
                "f1-score": 0.8409506398537478,
                "support": 283
            },
            "1": {
                "precision": 0.6490066225165563,
                "recall": 0.7424242424242424,
                "f1-score": 0.6925795053003533,
                "support": 132
            },
            "accuracy": 0.7903614457831325,
            "macro avg": {
                "precision": 0.7601093718643388,
                "recall": 0.7775725452403898,
                "f1-score": 0.7667650725770505,
                "support": 415
            },
            "weighted avg": {
                "precision": 0.8005347095788331,
                "recall": 0.7903614457831325,
                "f1-score": 0.7937578934415838,
                "support": 415
            }
        },
        {
            "0": {
                "precision": 0.8208469055374593,
                "recall": 0.8904593639575972,
                "f1-score": 0.8542372881355932,
                "support": 283
            },
            "1": {
                "precision": 0.7129629629629629,
                "recall": 0.5833333333333334,
                "f1-score": 0.6416666666666667,
                "support": 132
            },
            "accuracy": 0.7927710843373494,
            "macro avg": {
                "precision": 0.7669049342502111,
                "recall": 0.7368963486454653,
                "f1-score": 0.74795197740113,
                "support": 415
            },
            "weighted avg": {
                "precision": 0.7865320129595472,
                "recall": 0.7927710843373494,
                "f1-score": 0.7866244639575249,
                "support": 415
            }
        },
        {
            "0": {
                "precision": 0.8263665594855305,
                "recall": 0.9081272084805654,
                "f1-score": 0.8653198653198653,
                "support": 283
            },
            "1": {
                "precision": 0.75,
                "recall": 0.5909090909090909,
                "f1-score": 0.6610169491525425,
                "support": 132
            },
            "accuracy": 0.8072289156626506,
            "macro avg": {
                "precision": 0.7881832797427653,
                "recall": 0.7495181496948282,
                "f1-score": 0.7631684072362039,
                "support": 415
            },
            "weighted avg": {
                "precision": 0.8020764730949521,
                "recall": 0.8072289156626506,
                "f1-score": 0.8003367690931505,
                "support": 415
            }
        },
        {
            "0": {
                "precision": 0.8102893890675241,
                "recall": 0.8904593639575972,
                "f1-score": 0.8484848484848485,
                "support": 283
            },
            "1": {
                "precision": 0.7019230769230769,
                "recall": 0.553030303030303,
                "f1-score": 0.6186440677966101,
                "support": 132
            },
            "accuracy": 0.7831325301204819,
            "macro avg": {
                "precision": 0.7561062329953006,
                "recall": 0.72174483349395,
                "f1-score": 0.7335644581407292,
                "support": 415
            },
            "weighted avg": {
                "precision": 0.7758210680962782,
                "recall": 0.7831325301204819,
                "f1-score": 0.7753788652297944,
                "support": 415
            }
        }
    ],