{
    "reports": [
        {
            "0": {
                "precision": 0.8716981132075472,
                "recall": 0.8162544169611308,
                "f1-score": 0.843065693430657,
                "support": 283
            },
            "1": {
                "precision": 0.6533333333333333,
                "recall": 0.7424242424242424,
                "f1-score": 0.6950354609929078,
                "support": 132
            },
            "accuracy": 0.7927710843373494,
            "macro avg": {
                "precision": 0.7625157232704403,
                "recall": 0.7793393296926866,
                "f1-score": 0.7690505772117824,
                "support": 415
            },
            "weighted avg": {
                "precision": 0.8022423278017731,
                "recall": 0.7927710843373494,
                "f1-score": 0.7959813785347947,
                "support": 415
            }
        },
        {
            "0": {
                "precision": 0.8012618296529969,
                "recall": 0.8975265017667845,
                "f1-score": 0.8466666666666668,
                "support": 283
            },
            "1": {
                "precision": 0.7040816326530612,
                "recall": 0.5227272727272727,
                "f1-score": 0.6,
                "support": 132
            },
            "accuracy": 0.7783132530120482,
            "macro avg": {
                "precision": 0.7526717311530291,
                "recall": 0.7101268872470285,
                "f1-score": 0.7233333333333334,
                "support": 415
            },
            "weighted avg": {
                "precision": 0.7703515019325354,
                "recall": 0.7783132530120482,
                "f1-score": 0.7682088353413656,
                "support": 415
            }
        },
        {
            "0": {
                "precision": 0.8111455108359134,
                "recall": 0.9257950530035336,
                "f1-score": 0.8646864686468648,
                "support": 283
            },
            "1": {
                "precision": 0.7717391304347826,
                "recall": 0.5378787878787878,
                "f1-score": 0.6339285714285715,
                "support": 132
            },
            "accuracy": 0.8024096385542169,
            "macro avg": {
                "precision": 0.791442320635348,
                "recall": 0.7318369204411608,
                "f1-score": 0.7493075200377182,
                "support": 415
            },
            "weighted avg": {
                "precision": 0.7986114332143488,
                "recall": 0.8024096385542169,
                "f1-score": 0.7912887760376727,
                "support": 415
            }
        },
        {
            "0": {
                "precision": 0.796875,
                "recall": 0.901060070671378,
                "f1-score": 0.845771144278607,
                "support": 283
            },
            "1": {
                "precision": 0.7052631578947368,
                "recall": 0.5075757575757576,
                "f1-score": 0.5903083700440529,
                "support": 132
            },
            "accuracy": 0.7759036144578313,
            "macro avg": {
                "precision": 0.7510690789473684,
                "recall": 0.7043179141235678,
                "f1-score": 0.71803975716133,
                "support": 415
            },
            "weighted avg": {
                "precision": 0.7677358116677235,
                "recall": 0.7759036144578313,
                "f1-score": 0.76451551488352,
                "support": 415
            }
        },
        {
            "0": {
                "precision": 0.8708487084870848,
                "recall": 0.833922261484099,
                "f1-score": 0.851985559566787,
                "support": 283
            },
            "1": {
                "precision": 0.6736111111111112,
                "recall": 0.7348484848484849,
                "f1-score": 0.7028985507246377,
                "support": 132
            },
            "accuracy": 0.8024096385542169,
            "macro avg": {
                "precision": 0.772229909799098,
                "recall": 0.784385373166292,
                "f1-score": 0.7774420551457124,
                "support": 415
            },
            "weighted avg": {
                "precision": 0.8081128943819559,
                "recall": 0.8024096385542169,
                "f1-score": 0.8045651133808505,
                "support": 415
            }
        },
        {
            "0": {
                "precision": 0.8176100628930818,
                "recall": 0.9187279151943463,
                "f1-score": 0.8652246256239601,
                "support": 283
            },
            "1": {
                "precision": 0.7628865979381443,
                "recall": 0.5606060606060606,
                "f1-score": 0.6462882096069869,
                "support": 132
            },
            "accuracy": 0.8048192771084337,
            "macro avg": {
                "precision": 0.790248330415613,
                "recall": 0.7396669879002034,
                "f1-score": 0.7557564176154734,
                "support": 415
            },
            "weighted avg": {
                "precision": 0.8002040451242823,
                "recall": 0.8048192771084337,
                "f1-score": 0.795587018601694,
                "support": 415
            }
        },
        {
            "0": {
                "precision": 0.8296529968454258,
                "recall": 0.9293286219081273,
                "f1-score": 0.8766666666666666,
                "support": 283
            },
            "1": {
                "precision": 0.7959183673469388,
                "recall": 0.5909090909090909,
                "f1-score": 0.6782608695652174,
                "support": 132
            },
            "accuracy": 0.8216867469879519,
            "macro avg": {
                "precision": 0.8127856820961823,
                "recall": 0.7601188564086091,
                "f1-score": 0.777463768115942,
                "support": 415
            },
            "weighted avg": {
                "precision": 0.8189229460169914,
                "recall": 0.8216867469879519,
                "f1-score": 0.8135592806006634,
                "support": 415
            }
        },
        {
            "0": {
                "precision": 0.8117283950617284,
                "recall": 0.9293286219081273,
                "f1-score": 0.8665568369028006,
                "support": 283
            },
            "1": {
                "precision": 0.7802197802197802,
                "recall": 0.5378787878787878,
                "f1-score": 0.6367713004484304,
                "support": 132
            },
            "accuracy": 0.8048192771084337,
            "macro avg": {
                "precision": 0.7959740876407544,
                "recall": 0.7336037048934576,
                "f1-score": 0.7516640686756155,
                "support": 415
            },
            "weighted avg": {
                "precision": 0.8017063778107956,
                "recall": 0.8048192771084337,
                "f1-score": 0.7934684253076757,
                "support": 415
            }
        }
    ],