{
    "reports": [
        {
            "0": {
                "precision": 0.875,
                "recall": 0.8162544169611308,
                "f1-score": 0.8446069469835465,
                "support": 283
            },
            "1": {
                "precision": 0.6556291390728477,
                "recall": 0.75,
                "f1-score": 0.6996466431095406,
                "support": 132
            },
            "accuracy": 0.7951807228915663,
            "macro avg": {
                "precision": 0.7653145695364238,
                "recall": 0.7831272084805654,
                "f1-score": 0.7721267950465436,
                "support": 415
            },
            "weighted avg": {
                "precision": 0.8052242080906407,
                "recall": 0.7951807228915663,
                "f1-score": 0.7984990912935013,
                "support": 415
            }
        },
        {
            "0": {
                "precision": 0.8367346938775511,
                "recall": 0.8692579505300353,
                "f1-score": 0.8526863084922011,
                "support": 283
            },
            "1": {
                "precision": 0.6942148760330579,
                "recall": 0.6363636363636364,
                "f1-score": 0.6640316205533597,
                "support": 132
            },
            "accuracy": 0.7951807228915663,
            "macro avg": {
                "precision": 0.7654747849553045,
                "recall": 0.7528107934468358,
                "f1-score": 0.7583589645227804,
                "support": 415
            },
            "weighted avg": {
                "precision": 0.7914030891655678,
                "recall": 0.7951807228915663,
                "f1-score": 0.7926804800393648,
                "support": 415
            }
        },
        {
            "0": {
                "precision": 0.8164556962025317,
                "recall": 0.911660777385159,
                "f1-score": 0.8614357262103506,
                "support": 283
            },
            "1": {
                "precision": 0.7474747474747475,
                "recall": 0.5606060606060606,
                "f1-score": 0.6406926406926408,
                "support": 132
            },
            "accuracy": 0.8,
            "macro avg": {
                "precision": 0.7819652218386396,
                "recall": 0.7361334189956098,
                "f1-score": 0.7510641834514957,
                "support": 415
            },
            "weighted avg": {
                "precision": 0.7945147679324895,
                "recall": 0.8,
                "f1-score": 0.7912234676842357,
                "support": 415
            }
        },
        {
            "0": {
                "precision": 0.8327645051194539,
                "recall": 0.8621908127208481,
                "f1-score": 0.8472222222222222,
                "support": 283
            },
            "1": {
                "precision": 0.680327868852459,
                "recall": 0.6287878787878788,
                "f1-score": 0.653543307086614,
                "support": 132
            },
            "accuracy": 0.7879518072289157,
            "macro avg": {
                "precision": 0.7565461869859564,
                "recall": 0.7454893457543634,
                "f1-score": 0.7503827646544181,
                "support": 415
            },
            "weighted avg": {
                "precision": 0.7842786352706748,
                "recall": 0.7879518072289157,
                "f1-score": 0.7856183263236672,
                "support": 415
            }
        },
        {
            "0": {
                "precision": 0.8609022556390977,
                "recall": 0.8091872791519434,
                "f1-score": 0.8342440801457194,
                "support": 283
            },
            "1": {
                "precision": 0.6375838926174496,
                "recall": 0.7196969696969697,
                "f1-score": 0.6761565836298933,
                "support": 132
            },
            "accuracy": 0.7807228915662651,
            "macro avg": {
                "precision": 0.7492430741282736,
                "recall": 0.7644421244244566,
                "f1-score": 0.7552003318878063,
                "support": 415
            },
            "weighted avg": {
                "precision": 0.7898708727020916,
                "recall": 0.7807228915662651,
                "f1-score": 0.7839608282418904,
                "support": 415
            }
        },
        {
            "0": {
                "precision": 0.7521367521367521,
                "recall": 0.9328621908127208,
                "f1-score": 0.8328075709779179,
                "support": 283
            },
            "1": {
                "precision": 0.703125,
                "recall": 0.3409090909090909,
                "f1-score": 0.45918367346938777,
                "support": 132
            },
            "accuracy": 0.744578313253012,
            "macro avg": {
                "precision": 0.7276308760683761,
                "recall": 0.6368856408609058,
                "f1-score": 0.6459956222236528,
                "support": 415
            },
            "weighted avg": {
                "precision": 0.7365474719390382,
                "recall": 0.744578313253012,
                "f1-score": 0.713968162613759,
                "support": 415
            }
        },
        {
            "0": {
                "precision": 0.7465181058495822,
                "recall": 0.9469964664310954,
                "f1-score": 0.8348909657320873,
                "support": 283
            },
            "1": {
                "precision": 0.7321428571428571,
                "recall": 0.3106060606060606,
                "f1-score": 0.4361702127659574,
                "support": 132
            },
            "accuracy": 0.744578313253012,
            "macro avg": {
                "precision": 0.7393304814962196,
                "recall": 0.628801263518578,
                "f1-score": 0.6355305892490224,
                "support": 415
            },
            "weighted avg": {
                "precision": 0.7419457375862384,
                "recall": 0.744578313253012,
                "f1-score": 0.7080689431018965,
                "support": 415
            }
        },
        {
            "0": {
                "precision": 0.7938461538461539,
                "recall": 0.911660777385159,
                "f1-score": 0.8486842105263158,
                "support": 283
            },
            "1": {
                "precision": 0.7222222222222222,
                "recall": 0.49242424242424243,
                "f1-score": 0.5855855855855856,
                "support": 132
            },
            "accuracy": 0.7783132530120482,
            "macro avg": {
                "precision": 0.7580341880341881,
                "recall": 0.7020425099047007,
                "f1-score": 0.7171348980559507,
                "support": 415
            },
            "weighted avg": {
                "precision": 0.7710645659561322,
                "recall": 0.7783132530120482,
                "f1-score": 0.7649998286174571,
                "support": 415
            }
        }
    ],