{
    "reports": [
        {
            "0": {
                "precision": 0.8716981132075472,
                "recall": 0.8162544169611308,
                "f1-score": 0.843065693430657,
                "support": 283
            },
            "1": {
                "precision": 0.6533333333333333,
                "recall": 0.7424242424242424,
                "f1-score": 0.6950354609929078,
                "support": 132
            },
            "accuracy": 0.7927710843373494,
            "macro avg": {
                "precision": 0.7625157232704403,
                "recall": 0.7793393296926866,
                "f1-score": 0.7690505772117824,
                "support": 415
            },
            "weighted avg": {
                "precision": 0.8022423278017731,
                "recall": 0.7927710843373494,
                "f1-score": 0.7959813785347947,
                "support": 415
            }
        },
        {
            "0": {
                "precision": 0.8012618296529969,
                "recall": 0.8975265017667845,
                "f1-score": 0.8466666666666668,
                "support": 283
            },
            "1": {
                "precision": 0.7040816326530612,
                "recall": 0.5227272727272727,
                "f1-score": 0.6,
                "support": 132
            },
            "accuracy": 0.7783132530120482,
            "macro avg": {
                "precision": 0.7526717311530291,
                "recall": 0.7101268872470285,
                "f1-score": 0.7233333333333334,
                "support": 415
            },
            "weighted avg": {
                "precision": 0.7703515019325354,
                "recall": 0.7783132530120482,
                "f1-score": 0.7682088353413656,
                "support": 415
            }
        },
        {
            "0": {
                "precision": 0.8111455108359134,
                "recall": 0.9257950530035336,
                "f1-score": 0.8646864686468648,
                "support": 283
            },
            "1": {
                "precision": 0.7717391304347826,
                "recall": 0.5378787878787878,
                "f1-score": 0.6339285714285715,
                "support": 132
            },
            "accuracy": 0.8024096385542169,
            "macro avg": {
                "precision": 0.791442320635348,
                "recall": 0.7318369204411608,
                "f1-score": 0.7493075200377182,
                "support": 415
            },
            "weighted avg": {
                "precision": 0.7986114332143488,
                "recall": 0.8024096385542169,
                "f1-score": 0.7912887760376727,
                "support": 415
            }
        },
        {
            "0": {
                "precision": 0.796875,
                "recall": 0.901060070671378,
                "f1-score": 0.845771144278607,
                "support": 283
            },
            "1": {
                "precision": 0.7052631578947368,
                "recall": 0.5075757575757576,
                "f1-score": 0.5903083700440529,
                "support": 132
            },
            "accuracy": 0.7759036144578313,
            "macro avg": {
                "precision": 0.7510690789473684,
                "recall": 0.7043179141235678,
                "f1-score": 0.71803975716133,
                "support": 415
            },
            "weighted avg": {
                "precision": 0.7677358116677235,
                "recall": 0.7759036144578313,
                "f1-score": 0.76451551488352,
                "support": 415
            }
        },
        {
            "0": {
                "precision": 0.8888888888888888,
                "recall": 0.8480565371024735,
                "f1-score": 0.867992766726944,
                "support": 283
            },
            "1": {
                "precision": 0.7034482758620689,
                "recall": 0.7727272727272727,
                "f1-score": 0.7364620938628158,
                "support": 132
            },
            "accuracy": 0.8240963855421687,
            "macro avg": {
                "precision": 0.7961685823754789,
                "recall": 0.8103919049148731,
                "f1-score": 0.80222743029488,
                "support": 415
            },
            "weighted avg": {
                "precision": 0.8299053686008401,
                "recall": 0.8240963855421687,
                "f1-score": 0.8261565045147393,
                "support": 415
            }
        },
        {
            "0": {
                "precision": 0.8006230529595015,
                "recall": 0.9081272084805654,
                "f1-score": 0.8509933774834437,
                "support": 283
            },
            "1": {
                "precision": 0.723404255319149,
                "recall": 0.5151515151515151,
                "f1-score": 0.6017699115044248,
                "support": 132
            },
            "accuracy": 0.7831325301204819,
            "macro avg": {
                "precision": 0.7620136541393252,
                "recall": 0.7116393618160403,
                "f1-score": 0.7263816444939343,
                "support": 415
            },
            "weighted avg": {
                "precision": 0.7760618932281123,
                "recall": 0.7831325301204819,
                "f1-score": 0.7717222991479487,
                "support": 415
            }
        },
        {
            "0": {
                "precision": 0.8018575851393189,
                "recall": 0.9151943462897526,
                "f1-score": 0.8547854785478548,
                "support": 283
            },
            "1": {
                "precision": 0.7391304347826086,
                "recall": 0.5151515151515151,
                "f1-score": 0.6071428571428571,
                "support": 132
            },
            "accuracy": 0.7879518072289157,
            "macro avg": {
                "precision": 0.7704940099609638,
                "recall": 0.7151729307206338,
                "f1-score": 0.730964167845356,
                "support": 415
            },
            "weighted avg": {
                "precision": 0.7819058168330881,
                "recall": 0.7879518072289157,
                "f1-score": 0.7760172230648194,
                "support": 415
            }
        },
        {
            "0": {
                "precision": 0.8138801261829653,
                "recall": 0.911660777385159,
                "f1-score": 0.8600000000000001,
                "support": 283
            },
            "1": {
                "precision": 0.7448979591836735,
                "recall": 0.553030303030303,
                "f1-score": 0.6347826086956522,
                "support": 132
            },
            "accuracy": 0.7975903614457831,
            "macro avg": {
                "precision": 0.7793890426833194,
                "recall": 0.732345540207731,
                "f1-score": 0.7473913043478262,
                "support": 415
            },
            "weighted avg": {
                "precision": 0.791938810414516,
                "recall": 0.7975903614457831,
                "f1-score": 0.7883645887899424,
                "support": 415
            }
        }
    ],