{
    "reports": [
        {
            "0": {
                "precision": 0.8716981132075472,
                "recall": 0.8162544169611308,
                "f1-score": 0.843065693430657,
                "support": 283
            },
            "1": {
                "precision": 0.6533333333333333,
                "recall": 0.7424242424242424,
                "f1-score": 0.6950354609929078,
                "support": 132
            },
            "accuracy": 0.7927710843373494,
            "macro avg": {
                "precision": 0.7625157232704403,
                "recall": 0.7793393296926866,
                "f1-score": 0.7690505772117824,
                "support": 415
            },
            "weighted avg": {
                "precision": 0.8022423278017731,
                "recall": 0.7927710843373494,
                "f1-score": 0.7959813785347947,
                "support": 415
            }
        },
        {
            "0": {
                "precision": 0.8012618296529969,
                "recall": 0.8975265017667845,
                "f1-score": 0.8466666666666668,
                "support": 283
            },
            "1": {
                "precision": 0.7040816326530612,
                "recall": 0.5227272727272727,
                "f1-score": 0.6,
                "support": 132
            },
            "accuracy": 0.7783132530120482,
            "macro avg": {
                "precision": 0.7526717311530291,
                "recall": 0.7101268872470285,
                "f1-score": 0.7233333333333334,
                "support": 415
            },
            "weighted avg": {
                "precision": 0.7703515019325354,
                "recall": 0.7783132530120482,
                "f1-score": 0.7682088353413656,
                "support": 415
            }
        },
        {
            "0": {
                "precision": 0.8111455108359134,
                "recall": 0.9257950530035336,
                "f1-score": 0.8646864686468648,
                "support": 283
            },
            "1": {
                "precision": 0.7717391304347826,
                "recall": 0.5378787878787878,
                "f1-score": 0.6339285714285715,
                "support": 132
            },
            "accuracy": 0.8024096385542169,
            "macro avg": {
                "precision": 0.791442320635348,
                "recall": 0.7318369204411608,
                "f1-score": 0.7493075200377182,
                "support": 415
            },
            "weighted avg": {
                "precision": 0.7986114332143488,
                "recall": 0.8024096385542169,
                "f1-score": 0.7912887760376727,
                "support": 415
            }
        },
        {
            "0": {
                "precision": 0.796875,
                "recall": 0.901060070671378,
                "f1-score": 0.845771144278607,
                "support": 283
            },
            "1": {
                "precision": 0.7052631578947368,
                "recall": 0.5075757575757576,
                "f1-score": 0.5903083700440529,
                "support": 132
            },
            "accuracy": 0.7759036144578313,
            "macro avg": {
                "precision": 0.7510690789473684,
                "recall": 0.7043179141235678,
                "f1-score": 0.71803975716133,
                "support": 415
            },
            "weighted avg": {
                "precision": 0.7677358116677235,
                "recall": 0.7759036144578313,
                "f1-score": 0.76451551488352,
                "support": 415
            }
        },
        {
            "0": {
                "precision": 0.8587360594795539,
                "recall": 0.8162544169611308,
                "f1-score": 0.8369565217391305,
                "support": 283
            },
            "1": {
                "precision": 0.6438356164383562,
                "recall": 0.7121212121212122,
                "f1-score": 0.6762589928057554,
                "support": 132
            },
            "accuracy": 0.7831325301204819,
            "macro avg": {
                "precision": 0.7512858379589551,
                "recall": 0.7641878145411715,
                "f1-score": 0.756607757272443,
                "support": 415
            },
            "weighted avg": {
                "precision": 0.7903821836206668,
                "recall": 0.7831325301204819,
                "f1-score": 0.7858430908494788,
                "support": 415
            }
        },
        {
            "0": {
                "precision": 0.7872340425531915,
                "recall": 0.9151943462897526,
                "f1-score": 0.8464052287581699,
                "support": 283
            },
            "1": {
                "precision": 0.7209302325581395,
                "recall": 0.4696969696969697,
                "f1-score": 0.5688073394495413,
                "support": 132
            },
            "accuracy": 0.7734939759036145,
            "macro avg": {
                "precision": 0.7540821375556654,
                "recall": 0.6924456579933611,
                "f1-score": 0.7076062841038556,
                "support": 415
            },
            "weighted avg": {
                "precision": 0.7661446379282593,
                "recall": 0.7734939759036145,
                "f1-score": 0.7581090326407266,
                "support": 415
            }
        },
        {
            "0": {
                "precision": 0.7926829268292683,
                "recall": 0.9187279151943463,
                "f1-score": 0.8510638297872339,
                "support": 283
            },
            "1": {
                "precision": 0.735632183908046,
                "recall": 0.48484848484848486,
                "f1-score": 0.5844748858447489,
                "support": 132
            },
            "accuracy": 0.7807228915662651,
            "macro avg": {
                "precision": 0.7641575553686571,
                "recall": 0.7017882000214155,
                "f1-score": 0.7177693578159914,
                "support": 415
            },
            "weighted avg": {
                "precision": 0.7745366664302289,
                "recall": 0.7807228915662651,
                "f1-score": 0.7662692741236001,
                "support": 415
            }
        },
        {
            "0": {
                "precision": 0.7885196374622356,
                "recall": 0.9222614840989399,
                "f1-score": 0.8501628664495114,
                "support": 283
            },
            "1": {
                "precision": 0.7380952380952381,
                "recall": 0.4696969696969697,
                "f1-score": 0.5740740740740741,
                "support": 132
            },
            "accuracy": 0.7783132530120482,
            "macro avg": {
                "precision": 0.7633074377787369,
                "recall": 0.6959792268979548,
                "f1-score": 0.7121184702617928,
                "support": 415
            },
            "weighted avg": {
                "precision": 0.7724810333262269,
                "recall": 0.7783132530120482,
                "f1-score": 0.7623466722481674,
                "support": 415
            }
        }
    ],