{
    "reports": [
        {
            "0": {
                "precision": 0.875,
                "recall": 0.8162544169611308,
                "f1-score": 0.8446069469835465,
                "support": 283
            },
            "1": {
                "precision": 0.6556291390728477,
                "recall": 0.75,
                "f1-score": 0.6996466431095406,
                "support": 132
            },
            "accuracy": 0.7951807228915663,
            "macro avg": {
                "precision": 0.7653145695364238,
                "recall": 0.7831272084805654,
                "f1-score": 0.7721267950465436,
                "support": 415
            },
            "weighted avg": {
                "precision": 0.8052242080906407,
                "recall": 0.7951807228915663,
                "f1-score": 0.7984990912935013,
                "support": 415
            }
        },
        {
            "0": {
                "precision": 0.8367346938775511,
                "recall": 0.8692579505300353,
                "f1-score": 0.8526863084922011,
                "support": 283
            },
            "1": {
                "precision": 0.6942148760330579,
                "recall": 0.6363636363636364,
                "f1-score": 0.6640316205533597,
                "support": 132
            },
            "accuracy": 0.7951807228915663,
            "macro avg": {
                "precision": 0.7654747849553045,
                "recall": 0.7528107934468358,
                "f1-score": 0.7583589645227804,
                "support": 415
            },
            "weighted avg": {
                "precision": 0.7914030891655678,
                "recall": 0.7951807228915663,
                "f1-score": 0.7926804800393648,
                "support": 415
            }
        },
        {
            "0": {
                "precision": 0.8164556962025317,
                "recall": 0.911660777385159,
                "f1-score": 0.8614357262103506,
                "support": 283
            },
            "1": {
                "precision": 0.7474747474747475,
                "recall": 0.5606060606060606,
                "f1-score": 0.6406926406926408,
                "support": 132
            },
            "accuracy": 0.8,
            "macro avg": {
                "precision": 0.7819652218386396,
                "recall": 0.7361334189956098,
                "f1-score": 0.7510641834514957,
                "support": 415
            },
            "weighted avg": {
                "precision": 0.7945147679324895,
                "recall": 0.8,
                "f1-score": 0.7912234676842357,
                "support": 415
            }
        },
        {
            "0": {
                "precision": 0.8327645051194539,
                "recall": 0.8621908127208481,
                "f1-score": 0.8472222222222222,
                "support": 283
            },
            "1": {
                "precision": 0.680327868852459,
                "recall": 0.6287878787878788,
                "f1-score": 0.653543307086614,
                "support": 132
            },
            "accuracy": 0.7879518072289157,
            "macro avg": {
                "precision": 0.7565461869859564,
                "recall": 0.7454893457543634,
                "f1-score": 0.7503827646544181,
                "support": 415
            },
            "weighted avg": {
                "precision": 0.7842786352706748,
                "recall": 0.7879518072289157,
                "f1-score": 0.7856183263236672,
                "support": 415
            }
        },
        {
            "0": {
                "precision": 0.8768656716417911,
                "recall": 0.8303886925795053,
                "f1-score": 0.852994555353902,
                "support": 283
            },
            "1": {
                "precision": 0.673469387755102,
                "recall": 0.75,
                "f1-score": 0.7096774193548386,
                "support": 132
            },
            "accuracy": 0.8048192771084337,
            "macro avg": {
                "precision": 0.7751675296984466,
                "recall": 0.7901943462897527,
                "f1-score": 0.7813359873543704,
                "support": 415
            },
            "weighted avg": {
                "precision": 0.8121709500200007,
                "recall": 0.8048192771084337,
                "f1-score": 0.8074093458313084,
                "support": 415
            }
        },
        {
            "0": {
                "precision": 0.8164556962025317,
                "recall": 0.911660777385159,
                "f1-score": 0.8614357262103506,
                "support": 283
            },
            "1": {
                "precision": 0.7474747474747475,
                "recall": 0.5606060606060606,
                "f1-score": 0.6406926406926408,
                "support": 132
            },
            "accuracy": 0.8,
            "macro avg": {
                "precision": 0.7819652218386396,
                "recall": 0.7361334189956098,
                "f1-score": 0.7510641834514957,
                "support": 415
            },
            "weighted avg": {
                "precision": 0.7945147679324895,
                "recall": 0.8,
                "f1-score": 0.7912234676842357,
                "support": 415
            }
        },
        {
            "0": {
                "precision": 0.8068535825545171,
                "recall": 0.9151943462897526,
                "f1-score": 0.857615894039735,
                "support": 283
            },
            "1": {
                "precision": 0.7446808510638298,
                "recall": 0.5303030303030303,
                "f1-score": 0.6194690265486724,
                "support": 132
            },
            "accuracy": 0.7927710843373494,
            "macro avg": {
                "precision": 0.7757672168091734,
                "recall": 0.7227486882963914,
                "f1-score": 0.7385424602942037,
                "support": 415
            },
            "weighted avg": {
                "precision": 0.787078159526154,
                "recall": 0.7927710843373494,
                "f1-score": 0.7818679747413729,
                "support": 415
            }
        },
        {
            "0": {
                "precision": 0.7975077881619937,
                "recall": 0.9045936395759717,
                "f1-score": 0.847682119205298,
                "support": 283
            },
            "1": {
                "precision": 0.7127659574468085,
                "recall": 0.5075757575757576,
                "f1-score": 0.5929203539823009,
                "support": 132
            },
            "accuracy": 0.7783132530120482,
            "macro avg": {
                "precision": 0.7551368728044011,
                "recall": 0.7060846985758646,
                "f1-score": 0.7203012365937995,
                "support": 415
            },
            "weighted avg": {
                "precision": 0.7705537600790915,
                "recall": 0.7783132530120482,
                "f1-score": 0.7666494613512362,
                "support": 415
            }
        }
    ],