{
    "reports": [
        {
            "0": {
                "precision": 0.8716981132075472,
                "recall": 0.8162544169611308,
                "f1-score": 0.843065693430657,
                "support": 283
            },
            "1": {
                "precision": 0.6533333333333333,
                "recall": 0.7424242424242424,
                "f1-score": 0.6950354609929078,
                "support": 132
            },
            "accuracy": 0.7927710843373494,
            "macro avg": {
                "precision": 0.7625157232704403,
                "recall": 0.7793393296926866,
                "f1-score": 0.7690505772117824,
                "support": 415
            },
            "weighted avg": {
                "precision": 0.8022423278017731,
                "recall": 0.7927710843373494,
                "f1-score": 0.7959813785347947,
                "support": 415
            }
        },
        {
            "0": {
                "precision": 0.8012618296529969,
                "recall": 0.8975265017667845,
                "f1-score": 0.8466666666666668,
                "support": 283
            },
            "1": {
                "precision": 0.7040816326530612,
                "recall": 0.5227272727272727,
                "f1-score": 0.6,
                "support": 132
            },
            "accuracy": 0.7783132530120482,
            "macro avg": {
                "precision": 0.7526717311530291,
                "recall": 0.7101268872470285,
                "f1-score": 0.7233333333333334,
                "support": 415
            },
            "weighted avg": {
                "precision": 0.7703515019325354,
                "recall": 0.7783132530120482,
                "f1-score": 0.7682088353413656,
                "support": 415
            }
        },
        {
            "0": {
                "precision": 0.8111455108359134,
                "recall": 0.9257950530035336,
                "f1-score": 0.8646864686468648,
                "support": 283
            },
            "1": {
                "precision": 0.7717391304347826,
                "recall": 0.5378787878787878,
                "f1-score": 0.6339285714285715,
                "support": 132
            },
            "accuracy": 0.8024096385542169,
            "macro avg": {
                "precision": 0.791442320635348,
                "recall": 0.7318369204411608,
                "f1-score": 0.7493075200377182,
                "support": 415
            },
            "weighted avg": {
                "precision": 0.7986114332143488,
                "recall": 0.8024096385542169,
                "f1-score": 0.7912887760376727,
                "support": 415
            }
        },
        {
            "0": {
                "precision": 0.796875,
                "recall": 0.901060070671378,
                "f1-score": 0.845771144278607,
                "support": 283
            },
            "1": {
                "precision": 0.7052631578947368,
                "recall": 0.5075757575757576,
                "f1-score": 0.5903083700440529,
                "support": 132
            },
            "accuracy": 0.7759036144578313,
            "macro avg": {
                "precision": 0.7510690789473684,
                "recall": 0.7043179141235678,
                "f1-score": 0.71803975716133,
                "support": 415
            },
            "weighted avg": {
                "precision": 0.7677358116677235,
                "recall": 0.7759036144578313,
                "f1-score": 0.76451551488352,
                "support": 415
            }
        },
        {
            "0": {
                "precision": 0.8939393939393939,
                "recall": 0.833922261484099,
                "f1-score": 0.8628884826325411,
                "support": 283
            },
            "1": {
                "precision": 0.6887417218543046,
                "recall": 0.7878787878787878,
                "f1-score": 0.734982332155477,
                "support": 132
            },
            "accuracy": 0.8192771084337349,
            "macro avg": {
                "precision": 0.7913405578968493,
                "recall": 0.8109005246814434,
                "f1-score": 0.7989354073940091,
                "support": 415
            },
            "weighted avg": {
                "precision": 0.8286717006496788,
                "recall": 0.8192771084337349,
                "f1-score": 0.8222050805530894,
                "support": 415
            }
        },
        {
            "0": {
                "precision": 0.8158730158730159,
                "recall": 0.9081272084805654,
                "f1-score": 0.8595317725752509,
                "support": 283
            },
            "1": {
                "precision": 0.74,
                "recall": 0.5606060606060606,
                "f1-score": 0.6379310344827586,
                "support": 132
            },
            "accuracy": 0.7975903614457831,
            "macro avg": {
                "precision": 0.7779365079365079,
                "recall": 0.734366634543313,
                "f1-score": 0.7487314035290047,
                "support": 415
            },
            "weighted avg": {
                "precision": 0.7917399120290686,
                "recall": 0.7975903614457831,
                "f1-score": 0.7890467185313739,
                "support": 415
            }
        },
        {
            "0": {
                "precision": 0.8237179487179487,
                "recall": 0.9081272084805654,
                "f1-score": 0.8638655462184874,
                "support": 283
            },
            "1": {
                "precision": 0.7475728155339806,
                "recall": 0.5833333333333334,
                "f1-score": 0.6553191489361702,
                "support": 132
            },
            "accuracy": 0.8048192771084337,
            "macro avg": {
                "precision": 0.7856453821259646,
                "recall": 0.7457302709069493,
                "f1-score": 0.7595923475773287,
                "support": 415
            },
            "weighted avg": {
                "precision": 0.7994982918979877,
                "recall": 0.8048192771084337,
                "f1-score": 0.7975327162395336,
                "support": 415
            }
        },
        {
            "0": {
                "precision": 0.8237179487179487,
                "recall": 0.9081272084805654,
                "f1-score": 0.8638655462184874,
                "support": 283
            },
            "1": {
                "precision": 0.7475728155339806,
                "recall": 0.5833333333333334,
                "f1-score": 0.6553191489361702,
                "support": 132
            },
            "accuracy": 0.8048192771084337,
            "macro avg": {
                "precision": 0.7856453821259646,
                "recall": 0.7457302709069493,
                "f1-score": 0.7595923475773287,
                "support": 415
            },
            "weighted avg": {
                "precision": 0.7994982918979877,
                "recall": 0.8048192771084337,
                "f1-score": 0.7975327162395336,
                "support": 415
            }
        }
    ],