{
    "reports": [
        {
            "0": {
                "precision": 0.875,
                "recall": 0.8162544169611308,
                "f1-score": 0.8446069469835465,
                "support": 283
            },
            "1": {
                "precision": 0.6556291390728477,
                "recall": 0.75,
                "f1-score": 0.6996466431095406,
                "support": 132
            },
            "accuracy": 0.7951807228915663,
            "macro avg": {
                "precision": 0.7653145695364238,
                "recall": 0.7831272084805654,
                "f1-score": 0.7721267950465436,
                "support": 415
            },
            "weighted avg": {
                "precision": 0.8052242080906407,
                "recall": 0.7951807228915663,
                "f1-score": 0.7984990912935013,
                "support": 415
            }
        },
        {
            "0": {
                "precision": 0.8367346938775511,
                "recall": 0.8692579505300353,
                "f1-score": 0.8526863084922011,
                "support": 283
            },
            "1": {
                "precision": 0.6942148760330579,
                "recall": 0.6363636363636364,
                "f1-score": 0.6640316205533597,
                "support": 132
            },
            "accuracy": 0.7951807228915663,
            "macro avg": {
                "precision": 0.7654747849553045,
                "recall": 0.7528107934468358,
                "f1-score": 0.7583589645227804,
                "support": 415
            },
            "weighted avg": {
                "precision": 0.7914030891655678,
                "recall": 0.7951807228915663,
                "f1-score": 0.7926804800393648,
                "support": 415
            }
        },
        {
            "0": {
                "precision": 0.8164556962025317,
                "recall": 0.911660777385159,
                "f1-score": 0.8614357262103506,
                "support": 283
            },
            "1": {
                "precision": 0.7474747474747475,
                "recall": 0.5606060606060606,
                "f1-score": 0.6406926406926408,
                "support": 132
            },
            "accuracy": 0.8,
            "macro avg": {
                "precision": 0.7819652218386396,
                "recall": 0.7361334189956098,
                "f1-score": 0.7510641834514957,
                "support": 415
            },
            "weighted avg": {
                "precision": 0.7945147679324895,
                "recall": 0.8,
                "f1-score": 0.7912234676842357,
                "support": 415
            }
        },
        {
            "0": {
                "precision": 0.8327645051194539,
                "recall": 0.8621908127208481,
                "f1-score": 0.8472222222222222,
                "support": 283
            },
            "1": {
                "precision": 0.680327868852459,
                "recall": 0.6287878787878788,
                "f1-score": 0.653543307086614,
                "support": 132
            },
            "accuracy": 0.7879518072289157,
            "macro avg": {
                "precision": 0.7565461869859564,
                "recall": 0.7454893457543634,
                "f1-score": 0.7503827646544181,
                "support": 415
            },
            "weighted avg": {
                "precision": 0.7842786352706748,
                "recall": 0.7879518072289157,
                "f1-score": 0.7856183263236672,
                "support": 415
            }
        },
        {
            "0": {
                "precision": 0.868421052631579,
                "recall": 0.8162544169611308,
                "f1-score": 0.8415300546448088,
                "support": 283
            },
            "1": {
                "precision": 0.6510067114093959,
                "recall": 0.7348484848484849,
                "f1-score": 0.690391459074733,
                "support": 132
            },
            "accuracy": 0.7903614457831325,
            "macro avg": {
                "precision": 0.7597138820204874,
                "recall": 0.7755514509048078,
                "f1-score": 0.7659607568597708,
                "support": 415
            },
            "weighted avg": {
                "precision": 0.7992675754235593,
                "recall": 0.7903614457831325,
                "f1-score": 0.7934570555719171,
                "support": 415
            }
        },
        {
            "0": {
                "precision": 0.7933130699088146,
                "recall": 0.9222614840989399,
                "f1-score": 0.8529411764705882,
                "support": 283
            },
            "1": {
                "precision": 0.7441860465116279,
                "recall": 0.48484848484848486,
                "f1-score": 0.5871559633027523,
                "support": 132
            },
            "accuracy": 0.7831325301204819,
            "macro avg": {
                "precision": 0.7687495582102213,
                "recall": 0.7035549844737123,
                "f1-score": 0.7200485698866703,
                "support": 415
            },
            "weighted avg": {
                "precision": 0.7776871251174202,
                "recall": 0.7831325301204819,
                "f1-score": 0.7684022652943127,
                "support": 415
            }
        },
        {
            "0": {
                "precision": 0.7867867867867868,
                "recall": 0.9257950530035336,
                "f1-score": 0.8506493506493507,
                "support": 283
            },
            "1": {
                "precision": 0.7439024390243902,
                "recall": 0.4621212121212121,
                "f1-score": 0.5700934579439252,
                "support": 132
            },
            "accuracy": 0.7783132530120482,
            "macro avg": {
                "precision": 0.7653446129055885,
                "recall": 0.6939581325623728,
                "f1-score": 0.7103714042966379,
                "support": 415
            },
            "weighted avg": {
                "precision": 0.7731464641250124,
                "recall": 0.7783132530120482,
                "f1-score": 0.7614122956201551,
                "support": 415
            }
        },
        {
            "0": {
                "precision": 0.8144654088050315,
                "recall": 0.9151943462897526,
                "f1-score": 0.8618968386023295,
                "support": 283
            },
            "1": {
                "precision": 0.7525773195876289,
                "recall": 0.553030303030303,
                "f1-score": 0.6375545851528384,
                "support": 132
            },
            "accuracy": 0.8,
            "macro avg": {
                "precision": 0.7835213641963301,
                "recall": 0.7341123246600278,
                "f1-score": 0.749725711877584,
                "support": 415
            },
            "weighted avg": {
                "precision": 0.7947805225961228,
                "recall": 0.8,
                "f1-score": 0.7905397844930938,
                "support": 415
            }
        }
    ],