{
    "reports": [
        {
            "0": {
                "precision": 0.875,
                "recall": 0.8162544169611308,
                "f1-score": 0.8446069469835465,
                "support": 283
            },
            "1": {
                "precision": 0.6556291390728477,
                "recall": 0.75,
                "f1-score": 0.6996466431095406,
                "support": 132
            },
            "accuracy": 0.7951807228915663,
            "macro avg": {
                "precision": 0.7653145695364238,
                "recall": 0.7831272084805654,
                "f1-score": 0.7721267950465436,
                "support": 415
            },
            "weighted avg": {
                "precision": 0.8052242080906407,
                "recall": 0.7951807228915663,
                "f1-score": 0.7984990912935013,
                "support": 415
            }
        },
        {
            "0": {
                "precision": 0.8367346938775511,
                "recall": 0.8692579505300353,
                "f1-score": 0.8526863084922011,
                "support": 283
            },
            "1": {
                "precision": 0.6942148760330579,
                "recall": 0.6363636363636364,
                "f1-score": 0.6640316205533597,
                "support": 132
            },
            "accuracy": 0.7951807228915663,
            "macro avg": {
                "precision": 0.7654747849553045,
                "recall": 0.7528107934468358,
                "f1-score": 0.7583589645227804,
                "support": 415
            },
            "weighted avg": {
                "precision": 0.7914030891655678,
                "recall": 0.7951807228915663,
                "f1-score": 0.7926804800393648,
                "support": 415
            }
        },
        {
            "0": {
                "precision": 0.8164556962025317,
                "recall": 0.911660777385159,
                "f1-score": 0.8614357262103506,
                "support": 283
            },
            "1": {
                "precision": 0.7474747474747475,
                "recall": 0.5606060606060606,
                "f1-score": 0.6406926406926408,
                "support": 132
            },
            "accuracy": 0.8,
            "macro avg": {
                "precision": 0.7819652218386396,
                "recall": 0.7361334189956098,
                "f1-score": 0.7510641834514957,
                "support": 415
            },
            "weighted avg": {
                "precision": 0.7945147679324895,
                "recall": 0.8,
                "f1-score": 0.7912234676842357,
                "support": 415
            }
        },
        {
            "0": {
                "precision": 0.8327645051194539,
                "recall": 0.8621908127208481,
                "f1-score": 0.8472222222222222,
                "support": 283
            },
            "1": {
                "precision": 0.680327868852459,
                "recall": 0.6287878787878788,
                "f1-score": 0.653543307086614,
                "support": 132
            },
            "accuracy": 0.7879518072289157,
            "macro avg": {
                "precision": 0.7565461869859564,
                "recall": 0.7454893457543634,
                "f1-score": 0.7503827646544181,
                "support": 415
            },
            "weighted avg": {
                "precision": 0.7842786352706748,
                "recall": 0.7879518072289157,
                "f1-score": 0.7856183263236672,
                "support": 415
            }
        },
        {
            "0": {
                "precision": 0.8560885608856088,
                "recall": 0.8197879858657244,
                "f1-score": 0.8375451263537906,
                "support": 283
            },
            "1": {
                "precision": 0.6458333333333334,
                "recall": 0.7045454545454546,
                "f1-score": 0.6739130434782609,
                "support": 132
            },
            "accuracy": 0.7831325301204819,
            "macro avg": {
                "precision": 0.7509609471094711,
                "recall": 0.7621667202055895,
                "f1-score": 0.7557290849160258,
                "support": 415
            },
            "weighted avg": {
                "precision": 0.7892121993509092,
                "recall": 0.7831325301204819,
                "f1-score": 0.7854982951741041,
                "support": 415
            }
        },
        {
            "0": {
                "precision": 0.8246753246753247,
                "recall": 0.8975265017667845,
                "f1-score": 0.8595600676818952,
                "support": 283
            },
            "1": {
                "precision": 0.7289719626168224,
                "recall": 0.5909090909090909,
                "f1-score": 0.6527196652719666,
                "support": 132
            },
            "accuracy": 0.8,
            "macro avg": {
                "precision": 0.7768236436460736,
                "recall": 0.7442177963379377,
                "f1-score": 0.7561398664769309,
                "support": 415
            },
            "weighted avg": {
                "precision": 0.7942347372253914,
                "recall": 0.8,
                "f1-score": 0.7937698673972914,
                "support": 415
            }
        },
        {
            "0": {
                "precision": 0.821656050955414,
                "recall": 0.911660777385159,
                "f1-score": 0.8643216080402011,
                "support": 283
            },
            "1": {
                "precision": 0.7524752475247525,
                "recall": 0.5757575757575758,
                "f1-score": 0.6523605150214592,
                "support": 132
            },
            "accuracy": 0.8048192771084337,
            "macro avg": {
                "precision": 0.7870656492400833,
                "recall": 0.7437091765713675,
                "f1-score": 0.7583410615308301,
                "support": 415
            },
            "weighted avg": {
                "precision": 0.799651554442529,
                "recall": 0.8048192771084337,
                "f1-score": 0.7969026579715891,
                "support": 415
            }
        },
        {
            "0": {
                "precision": 0.7914110429447853,
                "recall": 0.911660777385159,
                "f1-score": 0.8472906403940886,
                "support": 283
            },
            "1": {
                "precision": 0.7191011235955056,
                "recall": 0.48484848484848486,
                "f1-score": 0.5791855203619909,
                "support": 132
            },
            "accuracy": 0.7759036144578313,
            "macro avg": {
                "precision": 0.7552560832701454,
                "recall": 0.698254631116822,
                "f1-score": 0.7132380803780398,
                "support": 415
            },
            "weighted avg": {
                "precision": 0.7684112613686288,
                "recall": 0.7759036144578313,
                "f1-score": 0.7620138311308672,
                "support": 415
            }
        }
    ],