{
    "reports": [
        {
            "0": {
                "precision": 0.875,
                "recall": 0.8162544169611308,
                "f1-score": 0.8446069469835465,
                "support": 283
            },
            "1": {
                "precision": 0.6556291390728477,
                "recall": 0.75,
                "f1-score": 0.6996466431095406,
                "support": 132
            },
            "accuracy": 0.7951807228915663,
            "macro avg": {
                "precision": 0.7653145695364238,
                "recall": 0.7831272084805654,
                "f1-score": 0.7721267950465436,
                "support": 415
            },
            "weighted avg": {
                "precision": 0.8052242080906407,
                "recall": 0.7951807228915663,
                "f1-score": 0.7984990912935013,
                "support": 415
            }
        },
        {
            "0": {
                "precision": 0.8367346938775511,
                "recall": 0.8692579505300353,
                "f1-score": 0.8526863084922011,
                "support": 283
            },
            "1": {
                "precision": 0.6942148760330579,
                "recall": 0.6363636363636364,
                "f1-score": 0.6640316205533597,
                "support": 132
            },
            "accuracy": 0.7951807228915663,
            "macro avg": {
                "precision": 0.7654747849553045,
                "recall": 0.7528107934468358,
                "f1-score": 0.7583589645227804,
                "support": 415
            },
            "weighted avg": {
                "precision": 0.7914030891655678,
                "recall": 0.7951807228915663,
                "f1-score": 0.7926804800393648,
                "support": 415
            }
        },
        {
            "0": {
                "precision": 0.8164556962025317,
                "recall": 0.911660777385159,
                "f1-score": 0.8614357262103506,
                "support": 283
            },
            "1": {
                "precision": 0.7474747474747475,
                "recall": 0.5606060606060606,
                "f1-score": 0.6406926406926408,
                "support": 132
            },
            "accuracy": 0.8,
            "macro avg": {
                "precision": 0.7819652218386396,
                "recall": 0.7361334189956098,
                "f1-score": 0.7510641834514957,
                "support": 415
            },
            "weighted avg": {
                "precision": 0.7945147679324895,
                "recall": 0.8,
                "f1-score": 0.7912234676842357,
                "support": 415
            }
        },
        {
            "0": {
                "precision": 0.8327645051194539,
                "recall": 0.8621908127208481,
                "f1-score": 0.8472222222222222,
                "support": 283
            },
            "1": {
                "precision": 0.680327868852459,
                "recall": 0.6287878787878788,
                "f1-score": 0.653543307086614,
                "support": 132
            },
            "accuracy": 0.7879518072289157,
            "macro avg": {
                "precision": 0.7565461869859564,
                "recall": 0.7454893457543634,
                "f1-score": 0.7503827646544181,
                "support": 415
            },
            "weighted avg": {
                "precision": 0.7842786352706748,
                "recall": 0.7879518072289157,
                "f1-score": 0.7856183263236672,
                "support": 415
            }
        },
        {
            "0": {
                "precision": 0.8712121212121212,
                "recall": 0.8127208480565371,
                "f1-score": 0.8409506398537478,
                "support": 283
            },
            "1": {
                "precision": 0.6490066225165563,
                "recall": 0.7424242424242424,
                "f1-score": 0.6925795053003533,
                "support": 132
            },
            "accuracy": 0.7903614457831325,
            "macro avg": {
                "precision": 0.7601093718643388,
                "recall": 0.7775725452403898,
                "f1-score": 0.7667650725770505,
                "support": 415
            },
            "weighted avg": {
                "precision": 0.8005347095788331,
                "recall": 0.7903614457831325,
                "f1-score": 0.7937578934415838,
                "support": 415
            }
        },
        {
            "0": {
                "precision": 0.8074534161490683,
                "recall": 0.9187279151943463,
                "f1-score": 0.859504132231405,
                "support": 283
            },
            "1": {
                "precision": 0.7526881720430108,
                "recall": 0.5303030303030303,
                "f1-score": 0.6222222222222222,
                "support": 132
            },
            "accuracy": 0.7951807228915663,
            "macro avg": {
                "precision": 0.7800707940960395,
                "recall": 0.7245154727486882,
                "f1-score": 0.7408631772268136,
                "support": 415
            },
            "weighted avg": {
                "precision": 0.7900341095900332,
                "recall": 0.7951807228915663,
                "f1-score": 0.7840313319393276,
                "support": 415
            }
        },
        {
            "0": {
                "precision": 0.803680981595092,
                "recall": 0.9257950530035336,
                "f1-score": 0.8604269293924466,
                "support": 283
            },
            "1": {
                "precision": 0.7640449438202247,
                "recall": 0.5151515151515151,
                "f1-score": 0.6153846153846153,
                "support": 132
            },
            "accuracy": 0.7951807228915663,
            "macro avg": {
                "precision": 0.7838629627076583,
                "recall": 0.7204732840775243,
                "f1-score": 0.737905772388531,
                "support": 415
            },
            "weighted avg": {
                "precision": 0.7910738563269414,
                "recall": 0.7951807228915663,
                "f1-score": 0.7824857596357387,
                "support": 415
            }
        },
        {
            "0": {
                "precision": 0.7962962962962963,
                "recall": 0.911660777385159,
                "f1-score": 0.8500823723228995,
                "support": 283
            },
            "1": {
                "precision": 0.7252747252747253,
                "recall": 0.5,
                "f1-score": 0.5919282511210762,
                "support": 132
            },
            "accuracy": 0.7807228915662651,
            "macro avg": {
                "precision": 0.7607855107855108,
                "recall": 0.7058303886925795,
                "f1-score": 0.7210053117219879,
                "support": 415
            },
            "weighted avg": {
                "precision": 0.7737063026219652,
                "recall": 0.7807228915662651,
                "f1-score": 0.7679707000370183,
                "support": 415
            }
        }
    ],