{
    "reports": [
        {
            "0": {
                "precision": 0.875,
                "recall": 0.8162544169611308,
                "f1-score": 0.8446069469835465,
                "support": 283
            },
            "1": {
                "precision": 0.6556291390728477,
                "recall": 0.75,
                "f1-score": 0.6996466431095406,
                "support": 132
            },
            "accuracy": 0.7951807228915663,
            "macro avg": {
                "precision": 0.7653145695364238,
                "recall": 0.7831272084805654,
                "f1-score": 0.7721267950465436,
                "support": 415
            },
            "weighted avg": {
                "precision": 0.8052242080906407,
                "recall": 0.7951807228915663,
                "f1-score": 0.7984990912935013,
                "support": 415
            }
        },
        {
            "0": {
                "precision": 0.8367346938775511,
                "recall": 0.8692579505300353,
                "f1-score": 0.8526863084922011,
                "support": 283
            },
            "1": {
                "precision": 0.6942148760330579,
                "recall": 0.6363636363636364,
                "f1-score": 0.6640316205533597,
                "support": 132
            },
            "accuracy": 0.7951807228915663,
            "macro avg": {
                "precision": 0.7654747849553045,
                "recall": 0.7528107934468358,
                "f1-score": 0.7583589645227804,
                "support": 415
            },
            "weighted avg": {
                "precision": 0.7914030891655678,
                "recall": 0.7951807228915663,
                "f1-score": 0.7926804800393648,
                "support": 415
            }
        },
        {
            "0": {
                "precision": 0.8164556962025317,
                "recall": 0.911660777385159,
                "f1-score": 0.8614357262103506,
                "support": 283
            },
            "1": {
                "precision": 0.7474747474747475,
                "recall": 0.5606060606060606,
                "f1-score": 0.6406926406926408,
                "support": 132
            },
            "accuracy": 0.8,
            "macro avg": {
                "precision": 0.7819652218386396,
                "recall": 0.7361334189956098,
                "f1-score": 0.7510641834514957,
                "support": 415
            },
            "weighted avg": {
                "precision": 0.7945147679324895,
                "recall": 0.8,
                "f1-score": 0.7912234676842357,
                "support": 415
            }
        },
        {
            "0": {
                "precision": 0.8327645051194539,
                "recall": 0.8621908127208481,
                "f1-score": 0.8472222222222222,
                "support": 283
            },
            "1": {
                "precision": 0.680327868852459,
                "recall": 0.6287878787878788,
                "f1-score": 0.653543307086614,
                "support": 132
            },
            "accuracy": 0.7879518072289157,
            "macro avg": {
                "precision": 0.7565461869859564,
                "recall": 0.7454893457543634,
                "f1-score": 0.7503827646544181,
                "support": 415
            },
            "weighted avg": {
                "precision": 0.7842786352706748,
                "recall": 0.7879518072289157,
                "f1-score": 0.7856183263236672,
                "support": 415
            }
        },
        {
            "0": {
                "precision": 0.8603773584905661,
                "recall": 0.8056537102473498,
                "f1-score": 0.8321167883211679,
                "support": 283
            },
            "1": {
                "precision": 0.6333333333333333,
                "recall": 0.7196969696969697,
                "f1-score": 0.673758865248227,
                "support": 132
            },
            "accuracy": 0.7783132530120482,
            "macro avg": {
                "precision": 0.7468553459119497,
                "recall": 0.7626753399721597,
                "f1-score": 0.7529378267846975,
                "support": 415
            },
            "weighted avg": {
                "precision": 0.7881609456694704,
                "recall": 0.7783132530120482,
                "f1-score": 0.7817475212232685,
                "support": 415
            }
        },
        {
            "0": {
                "precision": 0.7964071856287425,
                "recall": 0.9399293286219081,
                "f1-score": 0.8622366288492707,
                "support": 283
            },
            "1": {
                "precision": 0.7901234567901234,
                "recall": 0.48484848484848486,
                "f1-score": 0.6009389671361502,
                "support": 132
            },
            "accuracy": 0.7951807228915663,
            "macro avg": {
                "precision": 0.7932653212094329,
                "recall": 0.7123889067351965,
                "f1-score": 0.7315877979927105,
                "support": 415
            },
            "weighted avg": {
                "precision": 0.7944085056126035,
                "recall": 0.7951807228915663,
                "f1-score": 0.7791250834369047,
                "support": 415
            }
        },
        {
            "0": {
                "precision": 0.7876106194690266,
                "recall": 0.9434628975265018,
                "f1-score": 0.8585209003215434,
                "support": 283
            },
            "1": {
                "precision": 0.7894736842105263,
                "recall": 0.45454545454545453,
                "f1-score": 0.5769230769230769,
                "support": 132
            },
            "accuracy": 0.7879518072289157,
            "macro avg": {
                "precision": 0.7885421518397764,
                "recall": 0.6990041760359782,
                "f1-score": 0.7177219886223101,
                "support": 415
            },
            "weighted avg": {
                "precision": 0.7882032087362023,
                "recall": 0.7879518072289157,
                "f1-score": 0.7689524360116697,
                "support": 415
            }
        },
        {
            "0": {
                "precision": 0.7944785276073619,
                "recall": 0.9151943462897526,
                "f1-score": 0.8505747126436781,
                "support": 283
            },
            "1": {
                "precision": 0.7303370786516854,
                "recall": 0.49242424242424243,
                "f1-score": 0.5882352941176471,
                "support": 132
            },
            "accuracy": 0.7807228915662651,
            "macro avg": {
                "precision": 0.7624078031295236,
                "recall": 0.7038092943569976,
                "f1-score": 0.7194050033806626,
                "support": 415
            },
            "weighted avg": {
                "precision": 0.774076910108207,
                "recall": 0.7807228915662651,
                "f1-score": 0.7671318132570851,
                "support": 415
            }
        }
    ],