{
    "reports": [
        {
            "0": {
                "precision": 0.8716981132075472,
                "recall": 0.8162544169611308,
                "f1-score": 0.843065693430657,
                "support": 283
            },
            "1": {
                "precision": 0.6533333333333333,
                "recall": 0.7424242424242424,
                "f1-score": 0.6950354609929078,
                "support": 132
            },
            "accuracy": 0.7927710843373494,
            "macro avg": {
                "precision": 0.7625157232704403,
                "recall": 0.7793393296926866,
                "f1-score": 0.7690505772117824,
                "support": 415
            },
            "weighted avg": {
                "precision": 0.8022423278017731,
                "recall": 0.7927710843373494,
                "f1-score": 0.7959813785347947,
                "support": 415
            }
        },
        {
            "0": {
                "precision": 0.8012618296529969,
                "recall": 0.8975265017667845,
                "f1-score": 0.8466666666666668,
                "support": 283
            },
            "1": {
                "precision": 0.7040816326530612,
                "recall": 0.5227272727272727,
                "f1-score": 0.6,
                "support": 132
            },
            "accuracy": 0.7783132530120482,
            "macro avg": {
                "precision": 0.7526717311530291,
                "recall": 0.7101268872470285,
                "f1-score": 0.7233333333333334,
                "support": 415
            },
            "weighted avg": {
                "precision": 0.7703515019325354,
                "recall": 0.7783132530120482,
                "f1-score": 0.7682088353413656,
                "support": 415
            }
        },
        {
            "0": {
                "precision": 0.8111455108359134,
                "recall": 0.9257950530035336,
                "f1-score": 0.8646864686468648,
                "support": 283
            },
            "1": {
                "precision": 0.7717391304347826,
                "recall": 0.5378787878787878,
                "f1-score": 0.6339285714285715,
                "support": 132
            },
            "accuracy": 0.8024096385542169,
            "macro avg": {
                "precision": 0.791442320635348,
                "recall": 0.7318369204411608,
                "f1-score": 0.7493075200377182,
                "support": 415
            },
            "weighted avg": {
                "precision": 0.7986114332143488,
                "recall": 0.8024096385542169,
                "f1-score": 0.7912887760376727,
                "support": 415
            }
        },
        {
            "0": {
                "precision": 0.796875,
                "recall": 0.901060070671378,
                "f1-score": 0.845771144278607,
                "support": 283
            },
            "1": {
                "precision": 0.7052631578947368,
                "recall": 0.5075757575757576,
                "f1-score": 0.5903083700440529,
                "support": 132
            },
            "accuracy": 0.7759036144578313,
            "macro avg": {
                "precision": 0.7510690789473684,
                "recall": 0.7043179141235678,
                "f1-score": 0.71803975716133,
                "support": 415
            },
            "weighted avg": {
                "precision": 0.7677358116677235,
                "recall": 0.7759036144578313,
                "f1-score": 0.76451551488352,
                "support": 415
            }
        },
        {
            "0": {
                "precision": 0.8796992481203008,
                "recall": 0.8268551236749117,
                "f1-score": 0.8524590163934426,
                "support": 283
            },
            "1": {
                "precision": 0.6711409395973155,
                "recall": 0.7575757575757576,
                "f1-score": 0.7117437722419928,
                "support": 132
            },
            "accuracy": 0.8048192771084337,
            "macro avg": {
                "precision": 0.7754200938588081,
                "recall": 0.7922154406253346,
                "f1-score": 0.7821013943177177,
                "support": 415
            },
            "weighted avg": {
                "precision": 0.8133626295057608,
                "recall": 0.8048192771084337,
                "f1-score": 0.8077013965669573,
                "support": 415
            }
        },
        {
            "0": {
                "precision": 0.807570977917981,
                "recall": 0.9045936395759717,
                "f1-score": 0.8533333333333333,
                "support": 283
            },
            "1": {
                "precision": 0.7244897959183674,
                "recall": 0.5378787878787878,
                "f1-score": 0.6173913043478261,
                "support": 132
            },
            "accuracy": 0.7879518072289157,
            "macro avg": {
                "precision": 0.7660303869181742,
                "recall": 0.7212362137273798,
                "f1-score": 0.7353623188405797,
                "support": 415
            },
            "weighted avg": {
                "precision": 0.7811451561735256,
                "recall": 0.7879518072289157,
                "f1-score": 0.7782867120656539,
                "support": 415
            }
        },
        {
            "0": {
                "precision": 0.8105590062111802,
                "recall": 0.9222614840989399,
                "f1-score": 0.8628099173553719,
                "support": 283
            },
            "1": {
                "precision": 0.7634408602150538,
                "recall": 0.5378787878787878,
                "f1-score": 0.6311111111111111,
                "support": 132
            },
            "accuracy": 0.8,
            "macro avg": {
                "precision": 0.786999933213117,
                "recall": 0.7300701359888639,
                "f1-score": 0.7469605142332415,
                "support": 415
            },
            "weighted avg": {
                "precision": 0.795572029653376,
                "recall": 0.8,
                "f1-score": 0.7891129476584021,
                "support": 415
            }
        },
        {
            "0": {
                "precision": 0.8074534161490683,
                "recall": 0.9187279151943463,
                "f1-score": 0.859504132231405,
                "support": 283
            },
            "1": {
                "precision": 0.7526881720430108,
                "recall": 0.5303030303030303,
                "f1-score": 0.6222222222222222,
                "support": 132
            },
            "accuracy": 0.7951807228915663,
            "macro avg": {
                "precision": 0.7800707940960395,
                "recall": 0.7245154727486882,
                "f1-score": 0.7408631772268136,
                "support": 415
            },
            "weighted avg": {
                "precision": 0.7900341095900332,
                "recall": 0.7951807228915663,
                "f1-score": 0.7840313319393276,
                "support": 415
            }
        }
    ],