{
    "reports": [
        {
            "0": {
                "precision": 0.875,
                "recall": 0.8162544169611308,
                "f1-score": 0.8446069469835465,
                "support": 283
            },
            "1": {
                "precision": 0.6556291390728477,
                "recall": 0.75,
                "f1-score": 0.6996466431095406,
                "support": 132
            },
            "accuracy": 0.7951807228915663,
            "macro avg": {
                "precision": 0.7653145695364238,
                "recall": 0.7831272084805654,
                "f1-score": 0.7721267950465436,
                "support": 415
            },
            "weighted avg": {
                "precision": 0.8052242080906407,
                "recall": 0.7951807228915663,
                "f1-score": 0.7984990912935013,
                "support": 415
            }
        },
        {
            "0": {
                "precision": 0.8367346938775511,
                "recall": 0.8692579505300353,
                "f1-score": 0.8526863084922011,
                "support": 283
            },
            "1": {
                "precision": 0.6942148760330579,
                "recall": 0.6363636363636364,
                "f1-score": 0.6640316205533597,
                "support": 132
            },
            "accuracy": 0.7951807228915663,
            "macro avg": {
                "precision": 0.7654747849553045,
                "recall": 0.7528107934468358,
                "f1-score": 0.7583589645227804,
                "support": 415
            },
            "weighted avg": {
                "precision": 0.7914030891655678,
                "recall": 0.7951807228915663,
                "f1-score": 0.7926804800393648,
                "support": 415
            }
        },
        {
            "0": {
                "precision": 0.8164556962025317,
                "recall": 0.911660777385159,
                "f1-score": 0.8614357262103506,
                "support": 283
            },
            "1": {
                "precision": 0.7474747474747475,
                "recall": 0.5606060606060606,
                "f1-score": 0.6406926406926408,
                "support": 132
            },
            "accuracy": 0.8,
            "macro avg": {
                "precision": 0.7819652218386396,
                "recall": 0.7361334189956098,
                "f1-score": 0.7510641834514957,
                "support": 415
            },
            "weighted avg": {
                "precision": 0.7945147679324895,
                "recall": 0.8,
                "f1-score": 0.7912234676842357,
                "support": 415
            }
        },
        {
            "0": {
                "precision": 0.8327645051194539,
                "recall": 0.8621908127208481,
                "f1-score": 0.8472222222222222,
                "support": 283
            },
            "1": {
                "precision": 0.680327868852459,
                "recall": 0.6287878787878788,
                "f1-score": 0.653543307086614,
                "support": 132
            },
            "accuracy": 0.7879518072289157,
            "macro avg": {
                "precision": 0.7565461869859564,
                "recall": 0.7454893457543634,
                "f1-score": 0.7503827646544181,
                "support": 415
            },
            "weighted avg": {
                "precision": 0.7842786352706748,
                "recall": 0.7879518072289157,
                "f1-score": 0.7856183263236672,
                "support": 415
            }
        },
        {
            "0": {
                "precision": 0.8715953307392996,
                "recall": 0.7915194346289752,
                "f1-score": 0.8296296296296297,
                "support": 283
            },
            "1": {
                "precision": 0.6265822784810127,
                "recall": 0.75,
                "f1-score": 0.6827586206896552,
                "support": 132
            },
            "accuracy": 0.7783132530120482,
            "macro avg": {
                "precision": 0.7490888046101561,
                "recall": 0.7707597173144876,
                "f1-score": 0.7561941251596425,
                "support": 415
            },
            "weighted avg": {
                "precision": 0.7936634683342542,
                "recall": 0.7783132530120482,
                "f1-score": 0.7829140316053487,
                "support": 415
            }
        },
        {
            "0": {
                "precision": 0.8193146417445483,
                "recall": 0.9293286219081273,
                "f1-score": 0.8708609271523179,
                "support": 283
            },
            "1": {
                "precision": 0.7872340425531915,
                "recall": 0.5606060606060606,
                "f1-score": 0.6548672566371682,
                "support": 132
            },
            "accuracy": 0.8120481927710843,
            "macro avg": {
                "precision": 0.80327434214887,
                "recall": 0.7449673412570939,
                "f1-score": 0.762864091894743,
                "support": 415
            },
            "weighted avg": {
                "precision": 0.8091106921222372,
                "recall": 0.8120481927710843,
                "f1-score": 0.8021593259282221,
                "support": 415
            }
        },
        {
            "0": {
                "precision": 0.8142414860681114,
                "recall": 0.9293286219081273,
                "f1-score": 0.867986798679868,
                "support": 283
            },
            "1": {
                "precision": 0.782608695652174,
                "recall": 0.5454545454545454,
                "f1-score": 0.6428571428571429,
                "support": 132
            },
            "accuracy": 0.8072289156626506,
            "macro avg": {
                "precision": 0.7984250908601427,
                "recall": 0.7373915836813363,
                "f1-score": 0.7554219707685055,
                "support": 415
            },
            "weighted avg": {
                "precision": 0.8041799720081023,
                "recall": 0.8072289156626506,
                "f1-score": 0.7963792936952904,
                "support": 415
            }
        },
        {
            "0": {
                "precision": 0.7815384615384615,
                "recall": 0.8975265017667845,
                "f1-score": 0.8355263157894737,
                "support": 283
            },
            "1": {
                "precision": 0.6777777777777778,
                "recall": 0.4621212121212121,
                "f1-score": 0.5495495495495495,
                "support": 132
            },
            "accuracy": 0.7590361445783133,
            "macro avg": {
                "precision": 0.7296581196581197,
                "recall": 0.6798238569439983,
                "f1-score": 0.6925379326695116,
                "support": 415
            },
            "weighted avg": {
                "precision": 0.7485350633302441,
                "recall": 0.7590361445783133,
                "f1-score": 0.7445650311059314,
                "support": 415
            }
        }
    ],