{
    "reports": [
        {
            "0": {
                "precision": 0.875,
                "recall": 0.8162544169611308,
                "f1-score": 0.8446069469835465,
                "support": 283
            },
            "1": {
                "precision": 0.6556291390728477,
                "recall": 0.75,
                "f1-score": 0.6996466431095406,
                "support": 132
            },
            "accuracy": 0.7951807228915663,
            "macro avg": {
                "precision": 0.7653145695364238,
                "recall": 0.7831272084805654,
                "f1-score": 0.7721267950465436,
                "support": 415
            },
            "weighted avg": {
                "precision": 0.8052242080906407,
                "recall": 0.7951807228915663,
                "f1-score": 0.7984990912935013,
                "support": 415
            }
        },
        {
            "0": {
                "precision": 0.8367346938775511,
                "recall": 0.8692579505300353,
                "f1-score": 0.8526863084922011,
                "support": 283
            },
            "1": {
                "precision": 0.6942148760330579,
                "recall": 0.6363636363636364,
                "f1-score": 0.6640316205533597,
                "support": 132
            },
            "accuracy": 0.7951807228915663,
            "macro avg": {
                "precision": 0.7654747849553045,
                "recall": 0.7528107934468358,
                "f1-score": 0.7583589645227804,
                "support": 415
            },
            "weighted avg": {
                "precision": 0.7914030891655678,
                "recall": 0.7951807228915663,
                "f1-score": 0.7926804800393648,
                "support": 415
            }
        },
        {
            "0": {
                "precision": 0.8164556962025317,
                "recall": 0.911660777385159,
                "f1-score": 0.8614357262103506,
                "support": 283
            },
            "1": {
                "precision": 0.7474747474747475,
                "recall": 0.5606060606060606,
                "f1-score": 0.6406926406926408,
                "support": 132
            },
            "accuracy": 0.8,
            "macro avg": {
                "precision": 0.7819652218386396,
                "recall": 0.7361334189956098,
                "f1-score": 0.7510641834514957,
                "support": 415
            },
            "weighted avg": {
                "precision": 0.7945147679324895,
                "recall": 0.8,
                "f1-score": 0.7912234676842357,
                "support": 415
            }
        },
        {
            "0": {
                "precision": 0.8327645051194539,
                "recall": 0.8621908127208481,
                "f1-score": 0.8472222222222222,
                "support": 283
            },
            "1": {
                "precision": 0.680327868852459,
                "recall": 0.6287878787878788,
                "f1-score": 0.653543307086614,
                "support": 132
            },
            "accuracy": 0.7879518072289157,
            "macro avg": {
                "precision": 0.7565461869859564,
                "recall": 0.7454893457543634,
                "f1-score": 0.7503827646544181,
                "support": 415
            },
            "weighted avg": {
                "precision": 0.7842786352706748,
                "recall": 0.7879518072289157,
                "f1-score": 0.7856183263236672,
                "support": 415
            }
        },
        {
            "0": {
                "precision": 0.8576512455516014,
                "recall": 0.8515901060070671,
                "f1-score": 0.8546099290780143,
                "support": 283
            },
            "1": {
                "precision": 0.6865671641791045,
                "recall": 0.696969696969697,
                "f1-score": 0.6917293233082707,
                "support": 132
            },
            "accuracy": 0.8024096385542169,
            "macro avg": {
                "precision": 0.772109204865353,
                "recall": 0.7742799014883821,
                "f1-score": 0.7731696261931424,
                "support": 415
            },
            "weighted avg": {
                "precision": 0.8032341401511928,
                "recall": 0.8024096385542169,
                "f1-score": 0.8028021219416139,
                "support": 415
            }
        },
        {
            "0": {
                "precision": 0.819935691318328,
                "recall": 0.901060070671378,
                "f1-score": 0.8585858585858586,
                "support": 283
            },
            "1": {
                "precision": 0.7307692307692307,
                "recall": 0.5757575757575758,
                "f1-score": 0.6440677966101696,
                "support": 132
            },
            "accuracy": 0.7975903614457831,
            "macro avg": {
                "precision": 0.7753524610437794,
                "recall": 0.738408823214477,
                "f1-score": 0.7513268275980141,
                "support": 415
            },
            "weighted avg": {
                "precision": 0.7915743110954826,
                "recall": 0.7975903614457831,
                "f1-score": 0.7903536075478081,
                "support": 415
            }
        },
        {
            "0": {
                "precision": 0.8108974358974359,
                "recall": 0.8939929328621908,
                "f1-score": 0.850420168067227,
                "support": 283
            },
            "1": {
                "precision": 0.7087378640776699,
                "recall": 0.553030303030303,
                "f1-score": 0.6212765957446809,
                "support": 132
            },
            "accuracy": 0.7855421686746988,
            "macro avg": {
                "precision": 0.7598176499875529,
                "recall": 0.7235116179462469,
                "f1-score": 0.7358483819059539,
                "support": 415
            },
            "weighted avg": {
                "precision": 0.7784033070294621,
                "recall": 0.7855421686746988,
                "f1-score": 0.7775359474730678,
                "support": 415
            }
        },
        {
            "0": {
                "precision": 0.7839506172839507,
                "recall": 0.8975265017667845,
                "f1-score": 0.8369028006589787,
                "support": 283
            },
            "1": {
                "precision": 0.6813186813186813,
                "recall": 0.4696969696969697,
                "f1-score": 0.5560538116591929,
                "support": 132
            },
            "accuracy": 0.7614457831325301,
            "macro avg": {
                "precision": 0.732634649301316,
                "recall": 0.6836117357318772,
                "f1-score": 0.6964783061590858,
                "support": 415
            },
            "weighted avg": {
                "precision": 0.751306242470901,
                "recall": 0.7614457831325301,
                "f1-score": 0.7475725198204926,
                "support": 415
            }
        }
    ],