{
    "report": {
        "bot": {
            "precision": 0.717741935483871,
            "recall": 0.6592592592592592,
            "f1-score": 0.6872586872586872,
            "support": 135
        },
        "human": {
            "precision": 0.7889908256880734,
            "recall": 0.8309178743961353,
            "f1-score": 0.8094117647058824,
            "support": 207
        },
        "accuracy": 0.7631578947368421,
        "macro avg": {
            "precision": 0.7533663805859723,
            "recall": 0.7450885668276972,
            "f1-score": 0.7483352259822849,
            "support": 342
        },
        "weighted avg": {
            "precision": 0.760866263765362,
            "recall": 0.7631578947368421,
            "f1-score": 0.7611934446609369,
            "support": 342
        }
    },
    "cm": [
        [
            89,
            46
        ],
        [
            35,
            172
        ]
    ]
}