{
    "report": {
        "model": {
            "0": {
                "precision": 0.6187845303867403,
                "recall": 0.8648648648648649,
                "f1-score": 0.7214170692431562,
                "support": 259
            },
            "1": {
                "precision": 0.6634615384615384,
                "recall": 0.3333333333333333,
                "f1-score": 0.44372990353697744,
                "support": 207
            },
            "accuracy": 0.628755364806867,
            "macro avg": {
                "precision": 0.6411230344241394,
                "recall": 0.5990990990990991,
                "f1-score": 0.5825734863900668,
                "support": 466
            },
            "weighted avg": {
                "precision": 0.6386303258191078,
                "recall": 0.628755364806867,
                "f1-score": 0.5980667617298966,
                "support": 466
            }
        }
    },
    "cm": [
        [
            224,
            35
        ],
        [
            138,
            69
        ]
    ]
}