{
    "report": {
        "model": {
            "0": {
                "precision": 0.54774757211331,
                "recall": 0.6012295932443338,
                "f1-score": 0.5684019281497552,
                "support": 22.0
            },
            "1": {
                "precision": 0.39956803774141214,
                "recall": 0.3499840296610557,
                "f1-score": 0.36591964443059893,
                "support": 16.833333333333332
            },
            "macro avg": {
                "precision": 0.47365780492736104,
                "recall": 0.4756068114526944,
                "f1-score": 0.467160786290177,
                "support": 38.833333333333336
            },
            "weighted avg": {
                "precision": 0.49263156080408954,
                "recall": 0.4902884615384617,
                "f1-score": 0.484095028534145,
                "support": 38.833333333333336
            },
            "accuracy": 0.4902884615384617
        }
    },
    "cm": [
        [
            86,
            61
        ],
        [
            71,
            40
        ]
    ]
}