{
    "reports": [
        {
            "0": {
                "precision": 0.8022388059701493,
                "recall": 0.8022388059701493,
                "f1-score": 0.8022388059701493,
                "support": 268
            },
            "1": {
                "precision": 0.7282051282051282,
                "recall": 0.7282051282051282,
                "f1-score": 0.7282051282051283,
                "support": 195
            },
            "accuracy": 0.7710583153347732,
            "macro avg": {
                "precision": 0.7652219670876388,
                "recall": 0.7652219670876388,
                "f1-score": 0.7652219670876388,
                "support": 463
            },
            "weighted avg": {
                "precision": 0.7710583153347732,
                "recall": 0.7710583153347732,
                "f1-score": 0.7710583153347732,
                "support": 463
            }
        },
        {
            "0": {
                "precision": 0.7857142857142857,
                "recall": 0.8619402985074627,
                "f1-score": 0.8220640569395017,
                "support": 268
            },
            "1": {
                "precision": 0.7810650887573964,
                "recall": 0.676923076923077,
                "f1-score": 0.7252747252747253,
                "support": 195
            },
            "accuracy": 0.7840172786177105,
            "macro avg": {
                "precision": 0.783389687235841,
                "recall": 0.7694316877152698,
                "f1-score": 0.7736693911071135,
                "support": 463
            },
            "weighted avg": {
                "precision": 0.7837562006028528,
                "recall": 0.7840172786177105,
                "f1-score": 0.7812996515947254,
                "support": 463
            }
        },
        {
            "0": {
                "precision": 0.7912457912457912,
                "recall": 0.8768656716417911,
                "f1-score": 0.8318584070796461,
                "support": 268
            },
            "1": {
                "precision": 0.8012048192771084,
                "recall": 0.6820512820512821,
                "f1-score": 0.7368421052631579,
                "support": 195
            },
            "accuracy": 0.7948164146868251,
            "macro avg": {
                "precision": 0.7962253052614499,
                "recall": 0.7794584768465366,
                "f1-score": 0.784350256171402,
                "support": 463
            },
            "weighted avg": {
                "precision": 0.7954401983000177,
                "recall": 0.7948164146868251,
                "f1-score": 0.7918407421677343,
                "support": 463
            }
        },
        {
            "0": {
                "precision": 0.77,
                "recall": 0.8619402985074627,
                "f1-score": 0.8133802816901409,
                "support": 268
            },
            "1": {
                "precision": 0.7730061349693251,
                "recall": 0.6461538461538462,
                "f1-score": 0.7039106145251397,
                "support": 195
            },
            "accuracy": 0.7710583153347732,
            "macro avg": {
                "precision": 0.7715030674846626,
                "recall": 0.7540470723306545,
                "f1-score": 0.7586454481076403,
                "support": 463
            },
            "weighted avg": {
                "precision": 0.7712660827624588,
                "recall": 0.7710583153347732,
                "f1-score": 0.7672753462750755,
                "support": 463
            }
        },
        {
            "0": {
                "precision": 0.7802197802197802,
                "recall": 0.7947761194029851,
                "f1-score": 0.7874306839186692,
                "support": 268
            },
            "1": {
                "precision": 0.7105263157894737,
                "recall": 0.6923076923076923,
                "f1-score": 0.7012987012987013,
                "support": 195
            },
            "accuracy": 0.7516198704103672,
            "macro avg": {
                "precision": 0.745373048004627,
                "recall": 0.7435419058553387,
                "f1-score": 0.7443646926086853,
                "support": 463
            },
            "weighted avg": {
                "precision": 0.7508672412048564,
                "recall": 0.7516198704103672,
                "f1-score": 0.7511547949102594,
                "support": 463
            }
        },
        {
            "0": {
                "precision": 0.7722419928825622,
                "recall": 0.8097014925373134,
                "f1-score": 0.7905282331511838,
                "support": 268
            },
            "1": {
                "precision": 0.7197802197802198,
                "recall": 0.6717948717948717,
                "f1-score": 0.6949602122015915,
                "support": 195
            },
            "accuracy": 0.7516198704103672,
            "macro avg": {
                "precision": 0.746011106331391,
                "recall": 0.7407481821660926,
                "f1-score": 0.7427442226763876,
                "support": 463
            },
            "weighted avg": {
                "precision": 0.7501468616623533,
                "recall": 0.7516198704103672,
                "f1-score": 0.7502782027296493,
                "support": 463
            }
        },
        {
            "0": {
                "precision": 0.773851590106007,
                "recall": 0.8171641791044776,
                "f1-score": 0.7949183303085298,
                "support": 268
            },
            "1": {
                "precision": 0.7277777777777777,
                "recall": 0.6717948717948717,
                "f1-score": 0.6986666666666667,
                "support": 195
            },
            "accuracy": 0.755939524838013,
            "macro avg": {
                "precision": 0.7508146839418923,
                "recall": 0.7444795254496747,
                "f1-score": 0.7467924984875982,
                "support": 463
            },
            "weighted avg": {
                "precision": 0.7544468527323468,
                "recall": 0.755939524838013,
                "f1-score": 0.7543803726191922,
                "support": 463
            }
        },
        {
            "0": {
                "precision": 0.7849462365591398,
                "recall": 0.8171641791044776,
                "f1-score": 0.8007312614259596,
                "support": 268
            },
            "1": {
                "precision": 0.7336956521739131,
                "recall": 0.6923076923076923,
                "f1-score": 0.7124010554089709,
                "support": 195
            },
            "accuracy": 0.7645788336933045,
            "macro avg": {
                "precision": 0.7593209443665264,
                "recall": 0.754735935706085,
                "f1-score": 0.7565661584174652,
                "support": 463
            },
            "weighted avg": {
                "precision": 0.7633612172176295,
                "recall": 0.7645788336933045,
                "f1-score": 0.7635295547881349,
                "support": 463
            }
        }
    ],