{
    "reports": [
        {
            "0": {
                "precision": 0.8022388059701493,
                "recall": 0.8022388059701493,
                "f1-score": 0.8022388059701493,
                "support": 268
            },
            "1": {
                "precision": 0.7282051282051282,
                "recall": 0.7282051282051282,
                "f1-score": 0.7282051282051283,
                "support": 195
            },
            "accuracy": 0.7710583153347732,
            "macro avg": {
                "precision": 0.7652219670876388,
                "recall": 0.7652219670876388,
                "f1-score": 0.7652219670876388,
                "support": 463
            },
            "weighted avg": {
                "precision": 0.7710583153347732,
                "recall": 0.7710583153347732,
                "f1-score": 0.7710583153347732,
                "support": 463
            }
        },
        {
            "0": {
                "precision": 0.7857142857142857,
                "recall": 0.8619402985074627,
                "f1-score": 0.8220640569395017,
                "support": 268
            },
            "1": {
                "precision": 0.7810650887573964,
                "recall": 0.676923076923077,
                "f1-score": 0.7252747252747253,
                "support": 195
            },
            "accuracy": 0.7840172786177105,
            "macro avg": {
                "precision": 0.783389687235841,
                "recall": 0.7694316877152698,
                "f1-score": 0.7736693911071135,
                "support": 463
            },
            "weighted avg": {
                "precision": 0.7837562006028528,
                "recall": 0.7840172786177105,
                "f1-score": 0.7812996515947254,
                "support": 463
            }
        },
        {
            "0": {
                "precision": 0.7912457912457912,
                "recall": 0.8768656716417911,
                "f1-score": 0.8318584070796461,
                "support": 268
            },
            "1": {
                "precision": 0.8012048192771084,
                "recall": 0.6820512820512821,
                "f1-score": 0.7368421052631579,
                "support": 195
            },
            "accuracy": 0.7948164146868251,
            "macro avg": {
                "precision": 0.7962253052614499,
                "recall": 0.7794584768465366,
                "f1-score": 0.784350256171402,
                "support": 463
            },
            "weighted avg": {
                "precision": 0.7954401983000177,
                "recall": 0.7948164146868251,
                "f1-score": 0.7918407421677343,
                "support": 463
            }
        },
        {
            "0": {
                "precision": 0.77,
                "recall": 0.8619402985074627,
                "f1-score": 0.8133802816901409,
                "support": 268
            },
            "1": {
                "precision": 0.7730061349693251,
                "recall": 0.6461538461538462,
                "f1-score": 0.7039106145251397,
                "support": 195
            },
            "accuracy": 0.7710583153347732,
            "macro avg": {
                "precision": 0.7715030674846626,
                "recall": 0.7540470723306545,
                "f1-score": 0.7586454481076403,
                "support": 463
            },
            "weighted avg": {
                "precision": 0.7712660827624588,
                "recall": 0.7710583153347732,
                "f1-score": 0.7672753462750755,
                "support": 463
            }
        },
        {
            "0": {
                "precision": 0.79182156133829,
                "recall": 0.7947761194029851,
                "f1-score": 0.7932960893854748,
                "support": 268
            },
            "1": {
                "precision": 0.7164948453608248,
                "recall": 0.7128205128205128,
                "f1-score": 0.7146529562982006,
                "support": 195
            },
            "accuracy": 0.7602591792656588,
            "macro avg": {
                "precision": 0.7541582033495573,
                "recall": 0.753798316111749,
                "f1-score": 0.7539745228418377,
                "support": 463
            },
            "weighted avg": {
                "precision": 0.7600964865745627,
                "recall": 0.7602591792656588,
                "f1-score": 0.7601742514761476,
                "support": 463
            }
        },
        {
            "0": {
                "precision": 0.7896678966789668,
                "recall": 0.7985074626865671,
                "f1-score": 0.7940630797773655,
                "support": 268
            },
            "1": {
                "precision": 0.71875,
                "recall": 0.7076923076923077,
                "f1-score": 0.7131782945736435,
                "support": 195
            },
            "accuracy": 0.7602591792656588,
            "macro avg": {
                "precision": 0.7542089483394834,
                "recall": 0.7530998851894375,
                "f1-score": 0.7536206871755045,
                "support": 463
            },
            "weighted avg": {
                "precision": 0.7597996680560757,
                "recall": 0.7602591792656588,
                "f1-score": 0.7599971335252579,
                "support": 463
            }
        },
        {
            "0": {
                "precision": 0.7849056603773585,
                "recall": 0.7761194029850746,
                "f1-score": 0.7804878048780488,
                "support": 268
            },
            "1": {
                "precision": 0.696969696969697,
                "recall": 0.7076923076923077,
                "f1-score": 0.702290076335878,
                "support": 195
            },
            "accuracy": 0.7473002159827213,
            "macro avg": {
                "precision": 0.7409376786735278,
                "recall": 0.7419058553386912,
                "f1-score": 0.7413889406069634,
                "support": 463
            },
            "weighted avg": {
                "precision": 0.7478699954432463,
                "recall": 0.7473002159827213,
                "f1-score": 0.7475535563559683,
                "support": 463
            }
        },
        {
            "0": {
                "precision": 0.8037735849056604,
                "recall": 0.7947761194029851,
                "f1-score": 0.799249530956848,
                "support": 268
            },
            "1": {
                "precision": 0.7222222222222222,
                "recall": 0.7333333333333333,
                "f1-score": 0.727735368956743,
                "support": 195
            },
            "accuracy": 0.7688984881209503,
            "macro avg": {
                "precision": 0.7629979035639414,
                "recall": 0.7640547263681592,
                "f1-score": 0.7634924499567954,
                "support": 463
            },
            "weighted avg": {
                "precision": 0.7694268986782944,
                "recall": 0.7688984881209503,
                "f1-score": 0.7691301754708426,
                "support": 463
            }
        }
    ],