{
    "reports": [
        {
            "0": {
                "precision": 0.8716981132075472,
                "recall": 0.8162544169611308,
                "f1-score": 0.843065693430657,
                "support": 283
            },
            "1": {
                "precision": 0.6533333333333333,
                "recall": 0.7424242424242424,
                "f1-score": 0.6950354609929078,
                "support": 132
            },
            "accuracy": 0.7927710843373494,
            "macro avg": {
                "precision": 0.7625157232704403,
                "recall": 0.7793393296926866,
                "f1-score": 0.7690505772117824,
                "support": 415
            },
            "weighted avg": {
                "precision": 0.8022423278017731,
                "recall": 0.7927710843373494,
                "f1-score": 0.7959813785347947,
                "support": 415
            }
        },
        {
            "0": {
                "precision": 0.8012618296529969,
                "recall": 0.8975265017667845,
                "f1-score": 0.8466666666666668,
                "support": 283
            },
            "1": {
                "precision": 0.7040816326530612,
                "recall": 0.5227272727272727,
                "f1-score": 0.6,
                "support": 132
            },
            "accuracy": 0.7783132530120482,
            "macro avg": {
                "precision": 0.7526717311530291,
                "recall": 0.7101268872470285,
                "f1-score": 0.7233333333333334,
                "support": 415
            },
            "weighted avg": {
                "precision": 0.7703515019325354,
                "recall": 0.7783132530120482,
                "f1-score": 0.7682088353413656,
                "support": 415
            }
        },
        {
            "0": {
                "precision": 0.8111455108359134,
                "recall": 0.9257950530035336,
                "f1-score": 0.8646864686468648,
                "support": 283
            },
            "1": {
                "precision": 0.7717391304347826,
                "recall": 0.5378787878787878,
                "f1-score": 0.6339285714285715,
                "support": 132
            },
            "accuracy": 0.8024096385542169,
            "macro avg": {
                "precision": 0.791442320635348,
                "recall": 0.7318369204411608,
                "f1-score": 0.7493075200377182,
                "support": 415
            },
            "weighted avg": {
                "precision": 0.7986114332143488,
                "recall": 0.8024096385542169,
                "f1-score": 0.7912887760376727,
                "support": 415
            }
        },
        {
            "0": {
                "precision": 0.796875,
                "recall": 0.901060070671378,
                "f1-score": 0.845771144278607,
                "support": 283
            },
            "1": {
                "precision": 0.7052631578947368,
                "recall": 0.5075757575757576,
                "f1-score": 0.5903083700440529,
                "support": 132
            },
            "accuracy": 0.7759036144578313,
            "macro avg": {
                "precision": 0.7510690789473684,
                "recall": 0.7043179141235678,
                "f1-score": 0.71803975716133,
                "support": 415
            },
            "weighted avg": {
                "precision": 0.7677358116677235,
                "recall": 0.7759036144578313,
                "f1-score": 0.76451551488352,
                "support": 415
            }
        },
        {
            "0": {
                "precision": 0.855072463768116,
                "recall": 0.833922261484099,
                "f1-score": 0.8443649373881933,
                "support": 283
            },
            "1": {
                "precision": 0.6618705035971223,
                "recall": 0.696969696969697,
                "f1-score": 0.6789667896678966,
                "support": 132
            },
            "accuracy": 0.7903614457831325,
            "macro avg": {
                "precision": 0.7584714836826192,
                "recall": 0.7654459792268979,
                "f1-score": 0.7616658635280449,
                "support": 415
            },
            "weighted avg": {
                "precision": 0.7936202740269807,
                "recall": 0.7903614457831325,
                "f1-score": 0.7917563699205326,
                "support": 415
            }
        },
        {
            "0": {
                "precision": 0.8205128205128205,
                "recall": 0.9045936395759717,
                "f1-score": 0.8605042016806722,
                "support": 283
            },
            "1": {
                "precision": 0.7378640776699029,
                "recall": 0.5757575757575758,
                "f1-score": 0.6468085106382979,
                "support": 132
            },
            "accuracy": 0.8,
            "macro avg": {
                "precision": 0.7791884490913616,
                "recall": 0.7401756076667738,
                "f1-score": 0.7536563561594851,
                "support": 415
            },
            "weighted avg": {
                "precision": 0.7942245456808564,
                "recall": 0.8,
                "f1-score": 0.792533524047917,
                "support": 415
            }
        },
        {
            "0": {
                "precision": 0.8220064724919094,
                "recall": 0.8975265017667845,
                "f1-score": 0.8581081081081082,
                "support": 283
            },
            "1": {
                "precision": 0.7264150943396226,
                "recall": 0.5833333333333334,
                "f1-score": 0.6470588235294117,
                "support": 132
            },
            "accuracy": 0.7975903614457831,
            "macro avg": {
                "precision": 0.774210783415766,
                "recall": 0.7404299175500589,
                "f1-score": 0.75258346581876,
                "support": 415
            },
            "weighted avg": {
                "precision": 0.7916015040193748,
                "recall": 0.7975903614457831,
                "f1-score": 0.790979179037294,
                "support": 415
            }
        },
        {
            "0": {
                "precision": 0.822429906542056,
                "recall": 0.9328621908127208,
                "f1-score": 0.8741721854304635,
                "support": 283
            },
            "1": {
                "precision": 0.7978723404255319,
                "recall": 0.5681818181818182,
                "f1-score": 0.6637168141592921,
                "support": 132
            },
            "accuracy": 0.8168674698795181,
            "macro avg": {
                "precision": 0.8101511234837939,
                "recall": 0.7505220044972696,
                "f1-score": 0.7689444997948778,
                "support": 415
            },
            "weighted avg": {
                "precision": 0.814618825271258,
                "recall": 0.8168674698795181,
                "f1-score": 0.8072321637249342,
                "support": 415
            }
        }
    ],