{
    "reports": [
        {
            "0": {
                "precision": 0.8716981132075472,
                "recall": 0.8162544169611308,
                "f1-score": 0.843065693430657,
                "support": 283
            },
            "1": {
                "precision": 0.6533333333333333,
                "recall": 0.7424242424242424,
                "f1-score": 0.6950354609929078,
                "support": 132
            },
            "accuracy": 0.7927710843373494,
            "macro avg": {
                "precision": 0.7625157232704403,
                "recall": 0.7793393296926866,
                "f1-score": 0.7690505772117824,
                "support": 415
            },
            "weighted avg": {
                "precision": 0.8022423278017731,
                "recall": 0.7927710843373494,
                "f1-score": 0.7959813785347947,
                "support": 415
            }
        },
        {
            "0": {
                "precision": 0.8012618296529969,
                "recall": 0.8975265017667845,
                "f1-score": 0.8466666666666668,
                "support": 283
            },
            "1": {
                "precision": 0.7040816326530612,
                "recall": 0.5227272727272727,
                "f1-score": 0.6,
                "support": 132
            },
            "accuracy": 0.7783132530120482,
            "macro avg": {
                "precision": 0.7526717311530291,
                "recall": 0.7101268872470285,
                "f1-score": 0.7233333333333334,
                "support": 415
            },
            "weighted avg": {
                "precision": 0.7703515019325354,
                "recall": 0.7783132530120482,
                "f1-score": 0.7682088353413656,
                "support": 415
            }
        },
        {
            "0": {
                "precision": 0.8111455108359134,
                "recall": 0.9257950530035336,
                "f1-score": 0.8646864686468648,
                "support": 283
            },
            "1": {
                "precision": 0.7717391304347826,
                "recall": 0.5378787878787878,
                "f1-score": 0.6339285714285715,
                "support": 132
            },
            "accuracy": 0.8024096385542169,
            "macro avg": {
                "precision": 0.791442320635348,
                "recall": 0.7318369204411608,
                "f1-score": 0.7493075200377182,
                "support": 415
            },
            "weighted avg": {
                "precision": 0.7986114332143488,
                "recall": 0.8024096385542169,
                "f1-score": 0.7912887760376727,
                "support": 415
            }
        },
        {
            "0": {
                "precision": 0.796875,
                "recall": 0.901060070671378,
                "f1-score": 0.845771144278607,
                "support": 283
            },
            "1": {
                "precision": 0.7052631578947368,
                "recall": 0.5075757575757576,
                "f1-score": 0.5903083700440529,
                "support": 132
            },
            "accuracy": 0.7759036144578313,
            "macro avg": {
                "precision": 0.7510690789473684,
                "recall": 0.7043179141235678,
                "f1-score": 0.71803975716133,
                "support": 415
            },
            "weighted avg": {
                "precision": 0.7677358116677235,
                "recall": 0.7759036144578313,
                "f1-score": 0.76451551488352,
                "support": 415
            }
        },
        {
            "0": {
                "precision": 0.8566308243727598,
                "recall": 0.8445229681978799,
                "f1-score": 0.8505338078291814,
                "support": 283
            },
            "1": {
                "precision": 0.6764705882352942,
                "recall": 0.696969696969697,
                "f1-score": 0.6865671641791046,
                "support": 132
            },
            "accuracy": 0.7975903614457831,
            "macro avg": {
                "precision": 0.766550706304027,
                "recall": 0.7707463325837884,
                "f1-score": 0.768550486004143,
                "support": 415
            },
            "weighted avg": {
                "precision": 0.7993268456495177,
                "recall": 0.7975903614457831,
                "f1-score": 0.7983805621380726,
                "support": 415
            }
        },
        {
            "0": {
                "precision": 0.8466898954703833,
                "recall": 0.8586572438162544,
                "f1-score": 0.8526315789473684,
                "support": 283
            },
            "1": {
                "precision": 0.6875,
                "recall": 0.6666666666666666,
                "f1-score": 0.676923076923077,
                "support": 132
            },
            "accuracy": 0.7975903614457831,
            "macro avg": {
                "precision": 0.7670949477351916,
                "recall": 0.7626619552414605,
                "f1-score": 0.7647773279352227,
                "support": 415
            },
            "weighted avg": {
                "precision": 0.7960560010075144,
                "recall": 0.7975903614457831,
                "f1-score": 0.7967435734842203,
                "support": 415
            }
        },
        {
            "0": {
                "precision": 0.8384879725085911,
                "recall": 0.8621908127208481,
                "f1-score": 0.8501742160278746,
                "support": 283
            },
            "1": {
                "precision": 0.6854838709677419,
                "recall": 0.6439393939393939,
                "f1-score": 0.6640625,
                "support": 132
            },
            "accuracy": 0.7927710843373494,
            "macro avg": {
                "precision": 0.7619859217381665,
                "recall": 0.753065103330121,
                "f1-score": 0.7571183580139373,
                "support": 415
            },
            "weighted avg": {
                "precision": 0.7898216076811402,
                "recall": 0.7927710843373494,
                "f1-score": 0.7909772364720205,
                "support": 415
            }
        },
        {
            "0": {
                "precision": 0.8526315789473684,
                "recall": 0.8586572438162544,
                "f1-score": 0.8556338028169015,
                "support": 283
            },
            "1": {
                "precision": 0.6923076923076923,
                "recall": 0.6818181818181818,
                "f1-score": 0.6870229007633587,
                "support": 132
            },
            "accuracy": 0.8024096385542169,
            "macro avg": {
                "precision": 0.7724696356275303,
                "recall": 0.7702377128172181,
                "f1-score": 0.7713283517901302,
                "support": 415
            },
            "weighted avg": {
                "precision": 0.8016369933173991,
                "recall": 0.8024096385542169,
                "f1-score": 0.8020033472239675,
                "support": 415
            }
        }
    ],